dk_8ba77850|totals|||2025-08-31 19:36:36.700984+00
dk_8ba77850|totals|||2025-08-31 19:36:36.700984+00
dk_3d05da7d|totals|||2025-08-31 19:36:36.700984+00
dk_3d05da7d|totals|||2025-08-31 19:36:36.700984+00
dk_3d05da7d|totals|||2025-08-31 19:36:36.700984+00
dk_3d05da7d|totals|||2025-08-31 19:36:36.700984+00
dk_7d22b9ef|totals|||2025-08-31 19:36:36.700984+00
dk_7d22b9ef|totals|||2025-08-31 19:36:36.700984+00
dk_7d22b9ef|totals|||2025-08-31 19:36:36.700984+00
dk_7d22b9ef|totals|||2025-08-31 19:36:36.700984+00
