event_id,market,outcome_name,outcome_price,ts
1022949412,h2h,,,2025-08-29 23:19:18.763245+00
1024777705,h2h,,,2025-08-29 23:19:18.766781+00
1024110478,h2h,,,2025-08-29 23:19:18.770498+00
1024110487,h2h,,,2025-08-29 23:19:18.772781+00
1024714782,h2h,,,2025-08-29 23:19:18.775754+00
1022635843,h2h,,,2025-08-29 23:19:18.778433+00
1024221322,h2h,,,2025-08-29 23:19:18.781466+00
1024657821,h2h,,,2025-08-29 23:19:18.783992+00
1024794512,h2h,,,2025-08-29 23:19:18.786526+00
1024794857,h2h,,,2025-08-29 23:19:18.789001+00
1024794008,h2h,,,2025-08-29 23:19:18.791708+00
1024796224,h2h,,,2025-08-29 23:19:18.795228+00
1024801876,h2h,,,2025-08-29 23:19:18.798322+00
1024802819,h2h,,,2025-08-29 23:19:18.801721+00
1024790512,h2h,,,2025-08-29 23:19:18.804225+00
1024790664,h2h,,,2025-08-29 23:19:18.807511+00
1024798255,h2h,,,2025-08-29 23:19:18.810388+00
1024387424,h2h,,,2025-08-29 23:19:18.81317+00
1024387439,h2h,,,2025-08-29 23:19:18.815658+00
1023364183,h2h,,,2025-08-29 23:19:18.818222+00
1023418354,h2h,,,2025-08-29 23:19:18.820734+00
1024762750,h2h,,,2025-08-29 23:19:18.82484+00
1024794798,h2h,,,2025-08-29 23:19:18.832623+00
1024803221,h2h,,,2025-08-29 23:19:18.836646+00
1024806304,h2h,,,2025-08-29 23:19:18.839145+00
1024807560,h2h,,,2025-08-29 23:19:18.841971+00
1024803205,h2h,,,2025-08-29 23:19:18.845269+00
1024387796,h2h,,,2025-08-29 23:19:18.851249+00
1022037257,h2h,,,2025-08-29 23:19:18.854144+00
1022037245,h2h,,,2025-08-29 23:19:18.85684+00
1022037256,h2h,,,2025-08-29 23:19:18.860101+00
1022037241,h2h,,,2025-08-29 23:19:18.86291+00
1022037244,h2h,,,2025-08-29 23:19:18.865369+00
1022037238,h2h,,,2025-08-29 23:19:18.86815+00
1022037234,h2h,,,2025-08-29 23:19:18.870626+00
1022949412,h2h,,,2025-08-29 23:19:18.873033+00
1024777705,h2h,,,2025-08-29 23:19:18.875448+00
1024110478,h2h,,,2025-08-29 23:19:18.879084+00
1024110487,h2h,,,2025-08-29 23:19:18.882539+00
1024714782,h2h,,,2025-08-29 23:19:18.885489+00
1022635843,h2h,,,2025-08-29 23:19:18.894218+00
1024221322,h2h,,,2025-08-29 23:19:18.897035+00
1024657821,h2h,,,2025-08-29 23:19:18.899518+00
1024794512,h2h,,,2025-08-29 23:19:18.901983+00
1024794857,h2h,,,2025-08-29 23:19:18.904421+00
1024794008,h2h,,,2025-08-29 23:19:18.906933+00
1024796224,h2h,,,2025-08-29 23:19:18.909524+00
1024801876,h2h,,,2025-08-29 23:19:18.912197+00
1024802819,h2h,,,2025-08-29 23:19:18.914578+00
1024790512,h2h,,,2025-08-29 23:19:18.916986+00
1024790664,h2h,,,2025-08-29 23:19:18.919372+00
1024798255,h2h,,,2025-08-29 23:19:18.921734+00
1024387424,h2h,,,2025-08-29 23:19:18.924025+00
1024387439,h2h,,,2025-08-29 23:19:18.9263+00
1023364183,h2h,,,2025-08-29 23:19:18.929167+00
1023418354,h2h,,,2025-08-29 23:19:18.93195+00
1024762750,h2h,,,2025-08-29 23:19:18.935769+00
1024805319,h2h,,,2025-08-29 23:19:18.938968+00
1024794798,h2h,,,2025-08-29 23:19:18.945219+00
1024803221,h2h,,,2025-08-29 23:19:18.950247+00
1024806304,h2h,,,2025-08-29 23:19:18.95274+00
1024807560,h2h,,,2025-08-29 23:19:18.95539+00
1024803205,h2h,,,2025-08-29 23:19:18.958569+00
1024387796,h2h,,,2025-08-29 23:19:18.961662+00
1022037257,h2h,,,2025-08-29 23:19:18.964714+00
1022037245,h2h,,,2025-08-29 23:19:18.967377+00
1022037256,h2h,,,2025-08-29 23:19:18.969853+00
1022037241,h2h,,,2025-08-29 23:19:18.972917+00
1022037244,h2h,,,2025-08-29 23:19:18.9767+00
1022037238,h2h,,,2025-08-29 23:19:18.979651+00
1022037234,h2h,,,2025-08-29 23:19:18.982086+00
1022949412,h2h,,,2025-08-29 23:19:27.024675+00
1024777705,h2h,,,2025-08-29 23:19:27.028777+00
1024110478,h2h,,,2025-08-29 23:19:27.032227+00
1024110487,h2h,,,2025-08-29 23:19:27.03523+00
1024714782,h2h,,,2025-08-29 23:19:27.038156+00
1022635843,h2h,,,2025-08-29 23:19:27.040738+00
1024221322,h2h,,,2025-08-29 23:19:27.044462+00
1024657821,h2h,,,2025-08-29 23:19:27.047203+00
1024794512,h2h,,,2025-08-29 23:19:27.049713+00
1024794857,h2h,,,2025-08-29 23:19:27.052827+00
1024794008,h2h,,,2025-08-29 23:19:27.055402+00
1024796224,h2h,,,2025-08-29 23:19:27.058486+00
1024801876,h2h,,,2025-08-29 23:19:27.061446+00
1024802819,h2h,,,2025-08-29 23:19:27.064538+00
1024790512,h2h,,,2025-08-29 23:19:27.067206+00
1024790664,h2h,,,2025-08-29 23:19:27.070665+00
1024798255,h2h,,,2025-08-29 23:19:27.073549+00
1024387424,h2h,,,2025-08-29 23:19:27.075972+00
1024387439,h2h,,,2025-08-29 23:19:27.078299+00
1023364183,h2h,,,2025-08-29 23:19:27.081419+00
1023418354,h2h,,,2025-08-29 23:19:27.083806+00
1024762750,h2h,,,2025-08-29 23:19:27.088359+00
1024803223,h2h,,,2025-08-29 23:19:27.094388+00
1024794798,h2h,,,2025-08-29 23:19:27.097071+00
1024803221,h2h,,,2025-08-29 23:19:27.101479+00
1024806304,h2h,,,2025-08-29 23:19:27.104015+00
1024807560,h2h,,,2025-08-29 23:19:27.106213+00
1024803205,h2h,,,2025-08-29 23:19:27.108309+00
1024387796,h2h,,,2025-08-29 23:19:27.110503+00
1022037257,h2h,,,2025-08-29 23:19:27.113138+00
1022037245,h2h,,,2025-08-29 23:19:27.115732+00
1022037256,h2h,,,2025-08-29 23:19:27.118426+00
1022037241,h2h,,,2025-08-29 23:19:27.121259+00
1022037244,h2h,,,2025-08-29 23:19:27.123798+00
1022037238,h2h,,,2025-08-29 23:19:27.12598+00
1022037234,h2h,,,2025-08-29 23:19:27.128423+00
1022949412,h2h,,,2025-08-29 23:19:30.446522+00
1024777705,h2h,,,2025-08-29 23:19:30.453795+00
1024110478,h2h,,,2025-08-29 23:19:30.457213+00
1024110487,h2h,,,2025-08-29 23:19:30.460605+00
1024714782,h2h,,,2025-08-29 23:19:30.46365+00
1022635843,h2h,,,2025-08-29 23:19:30.466268+00
1024221322,h2h,,,2025-08-29 23:19:30.469127+00
1024657821,h2h,,,2025-08-29 23:19:30.472627+00
1024794512,h2h,,,2025-08-29 23:19:30.475221+00
1024794857,h2h,,,2025-08-29 23:19:30.477949+00
1024794008,h2h,,,2025-08-29 23:19:30.480468+00
1024796224,h2h,,,2025-08-29 23:19:30.483313+00
1024801876,h2h,,,2025-08-29 23:19:30.48585+00
1024802819,h2h,,,2025-08-29 23:19:30.48839+00
1024790512,h2h,,,2025-08-29 23:19:30.490862+00
1024790664,h2h,,,2025-08-29 23:19:30.493622+00
1024798255,h2h,,,2025-08-29 23:19:30.496035+00
1024387424,h2h,,,2025-08-29 23:19:30.498415+00
1024387439,h2h,,,2025-08-29 23:19:30.50107+00
1023364183,h2h,,,2025-08-29 23:19:30.503885+00
1023418354,h2h,,,2025-08-29 23:19:30.506727+00
1024762750,h2h,,,2025-08-29 23:19:30.511087+00
1024803223,h2h,,,2025-08-29 23:19:30.51684+00
1024794798,h2h,,,2025-08-29 23:19:30.519659+00
1024803221,h2h,,,2025-08-29 23:19:30.523527+00
1024806304,h2h,,,2025-08-29 23:19:30.526198+00
1024807560,h2h,,,2025-08-29 23:19:30.528736+00
1024803205,h2h,,,2025-08-29 23:19:30.531202+00
1024387796,h2h,,,2025-08-29 23:19:30.53358+00
1022037257,h2h,,,2025-08-29 23:19:30.535962+00
1022037245,h2h,,,2025-08-29 23:19:30.538899+00
1022037256,h2h,,,2025-08-29 23:19:30.541503+00
1022037241,h2h,,,2025-08-29 23:19:30.54385+00
1022037244,h2h,,,2025-08-29 23:19:30.546087+00
1022037238,h2h,,,2025-08-29 23:19:30.54833+00
1022037234,h2h,,,2025-08-29 23:19:30.55059+00
1022949412,h2h,,,2025-08-29 23:19:35.289307+00
1024777705,h2h,,,2025-08-29 23:19:35.294109+00
1024110478,h2h,,,2025-08-29 23:19:35.297058+00
1024110487,h2h,,,2025-08-29 23:19:35.300175+00
1024714782,h2h,,,2025-08-29 23:19:35.30308+00
1022635843,h2h,,,2025-08-29 23:19:35.305862+00
1024221322,h2h,,,2025-08-29 23:19:35.308477+00
1024657821,h2h,,,2025-08-29 23:19:35.312205+00
1024794512,h2h,,,2025-08-29 23:19:35.314707+00
1024794857,h2h,,,2025-08-29 23:19:35.317413+00
1024794008,h2h,,,2025-08-29 23:19:35.320593+00
1024796224,h2h,,,2025-08-29 23:19:35.322905+00
1024801876,h2h,,,2025-08-29 23:19:35.325319+00
1024802819,h2h,,,2025-08-29 23:19:35.327607+00
1024790512,h2h,,,2025-08-29 23:19:35.330213+00
1024790664,h2h,,,2025-08-29 23:19:35.332546+00
1024798255,h2h,,,2025-08-29 23:19:35.334779+00
1024387424,h2h,,,2025-08-29 23:19:35.337114+00
1024387439,h2h,,,2025-08-29 23:19:35.33997+00
1023364183,h2h,,,2025-08-29 23:19:35.342701+00
1023418354,h2h,,,2025-08-29 23:19:35.345011+00
1024762750,h2h,,,2025-08-29 23:19:35.349233+00
1024803223,h2h,,,2025-08-29 23:19:35.35473+00
1024794798,h2h,,,2025-08-29 23:19:35.357207+00
1024803221,h2h,,,2025-08-29 23:19:35.360815+00
1024806304,h2h,,,2025-08-29 23:19:35.363481+00
1024807560,h2h,,,2025-08-29 23:19:35.366408+00
1024803205,h2h,,,2025-08-29 23:19:35.368767+00
1024387796,h2h,,,2025-08-29 23:19:35.371024+00
1022037257,h2h,,,2025-08-29 23:19:35.373474+00
1022037245,h2h,,,2025-08-29 23:19:35.375854+00
1022037256,h2h,,,2025-08-29 23:19:35.378215+00
1022037241,h2h,,,2025-08-29 23:19:35.380676+00
1022037244,h2h,,,2025-08-29 23:19:35.382997+00
1022037238,h2h,,,2025-08-29 23:19:35.386+00
1022037234,h2h,,,2025-08-29 23:19:35.388749+00
1022949412,h2h,,,2025-08-29 23:19:42.100102+00
1024777705,h2h,,,2025-08-29 23:19:42.106052+00
1024110478,h2h,,,2025-08-29 23:19:42.110559+00
1024110487,h2h,,,2025-08-29 23:19:42.114407+00
1024714782,h2h,,,2025-08-29 23:19:42.118755+00
1022635843,h2h,,,2025-08-29 23:19:42.122308+00
1024221322,h2h,,,2025-08-29 23:19:42.12575+00
1024657821,h2h,,,2025-08-29 23:19:42.129041+00
1024794512,h2h,,,2025-08-29 23:19:42.132231+00
1024794857,h2h,,,2025-08-29 23:19:42.135638+00
1024794008,h2h,,,2025-08-29 23:19:42.139075+00
1024796224,h2h,,,2025-08-29 23:19:42.14204+00
1024801876,h2h,,,2025-08-29 23:19:42.144966+00
1024802819,h2h,,,2025-08-29 23:19:42.147703+00
1024790512,h2h,,,2025-08-29 23:19:42.15025+00
1024790664,h2h,,,2025-08-29 23:19:42.152459+00
1024798255,h2h,,,2025-08-29 23:19:42.154731+00
1024387424,h2h,,,2025-08-29 23:19:42.156922+00
1024387439,h2h,,,2025-08-29 23:19:42.159552+00
1023364183,h2h,,,2025-08-29 23:19:42.161814+00
1023418354,h2h,,,2025-08-29 23:19:42.164022+00
1024762750,h2h,,,2025-08-29 23:19:42.169338+00
1024803223,h2h,,,2025-08-29 23:19:42.176455+00
1024794798,h2h,,,2025-08-29 23:19:42.179341+00
1024803221,h2h,,,2025-08-29 23:19:42.185222+00
1024806304,h2h,,,2025-08-29 23:19:42.188072+00
1024807560,h2h,,,2025-08-29 23:19:42.19117+00
1024803205,h2h,,,2025-08-29 23:19:42.193928+00
1024387796,h2h,,,2025-08-29 23:19:42.196503+00
1022037257,h2h,,,2025-08-29 23:19:42.199204+00
1022037245,h2h,,,2025-08-29 23:19:42.201778+00
1022037256,h2h,,,2025-08-29 23:19:42.204429+00
1022037241,h2h,,,2025-08-29 23:19:42.206999+00
1022037244,h2h,,,2025-08-29 23:19:42.209237+00
1022037238,h2h,,,2025-08-29 23:19:42.212045+00
1022037234,h2h,,,2025-08-29 23:19:42.21472+00
1022949412,h2h,,,2025-08-29 23:19:43.423809+00
1024777705,h2h,,,2025-08-29 23:19:43.434536+00
1024110478,h2h,,,2025-08-29 23:19:43.441483+00
1024110487,h2h,,,2025-08-29 23:19:43.459261+00
1024714782,h2h,,,2025-08-29 23:19:43.498225+00
1022635843,h2h,,,2025-08-29 23:19:43.511436+00
1024221322,h2h,,,2025-08-29 23:19:43.519154+00
1024657821,h2h,,,2025-08-29 23:19:43.526048+00
1024794512,h2h,,,2025-08-29 23:19:43.529528+00
1024794857,h2h,,,2025-08-29 23:19:43.535144+00
1024794008,h2h,,,2025-08-29 23:19:43.542678+00
1024796224,h2h,,,2025-08-29 23:19:43.546987+00
1024801876,h2h,,,2025-08-29 23:19:43.551065+00
1024802819,h2h,,,2025-08-29 23:19:43.556851+00
1024790512,h2h,,,2025-08-29 23:19:43.56206+00
1024790664,h2h,,,2025-08-29 23:19:43.565793+00
1024798255,h2h,,,2025-08-29 23:19:43.568953+00
1024387424,h2h,,,2025-08-29 23:19:43.573219+00
1024387439,h2h,,,2025-08-29 23:19:43.577082+00
1023364183,h2h,,,2025-08-29 23:19:43.580845+00
1023418354,h2h,,,2025-08-29 23:19:43.584284+00
1024762750,h2h,,,2025-08-29 23:19:43.594782+00
1024803223,h2h,,,2025-08-29 23:19:43.607082+00
1024794798,h2h,,,2025-08-29 23:19:43.610132+00
1024803221,h2h,,,2025-08-29 23:19:43.617091+00
1024806304,h2h,,,2025-08-29 23:19:43.620661+00
1024807560,h2h,,,2025-08-29 23:19:43.624369+00
1024803205,h2h,,,2025-08-29 23:19:43.628465+00
1024387796,h2h,,,2025-08-29 23:19:43.632613+00
1022037257,h2h,,,2025-08-29 23:19:43.635546+00
1022037245,h2h,,,2025-08-29 23:19:43.638326+00
1022037256,h2h,,,2025-08-29 23:19:43.64165+00
1022037241,h2h,,,2025-08-29 23:19:43.645016+00
1022037244,h2h,,,2025-08-29 23:19:43.64874+00
1022037238,h2h,,,2025-08-29 23:19:43.652869+00
1022037234,h2h,,,2025-08-29 23:19:43.65612+00
1022949412,h2h,,,2025-08-29 23:19:51.959866+00
1024777705,h2h,,,2025-08-29 23:19:51.96417+00
1024110478,h2h,,,2025-08-29 23:19:51.967013+00
1024110487,h2h,,,2025-08-29 23:19:51.97008+00
1024714782,h2h,,,2025-08-29 23:19:51.973637+00
1022635843,h2h,,,2025-08-29 23:19:51.976627+00
1024221322,h2h,,,2025-08-29 23:19:51.979707+00
1024657821,h2h,,,2025-08-29 23:19:51.982406+00
1024794512,h2h,,,2025-08-29 23:19:51.984942+00
1024794857,h2h,,,2025-08-29 23:19:51.987845+00
1024794008,h2h,,,2025-08-29 23:19:51.990252+00
1024796224,h2h,,,2025-08-29 23:19:51.992605+00
1024801876,h2h,,,2025-08-29 23:19:51.995188+00
1024802819,h2h,,,2025-08-29 23:19:51.997548+00
1024790512,h2h,,,2025-08-29 23:19:51.999899+00
1024790664,h2h,,,2025-08-29 23:19:52.002338+00
1024798255,h2h,,,2025-08-29 23:19:52.004798+00
1024387424,h2h,,,2025-08-29 23:19:52.007203+00
1024387439,h2h,,,2025-08-29 23:19:52.009502+00
1023364183,h2h,,,2025-08-29 23:19:52.011923+00
1023418354,h2h,,,2025-08-29 23:19:52.014471+00
1024762750,h2h,,,2025-08-29 23:19:52.018627+00
1024803223,h2h,,,2025-08-29 23:19:52.024503+00
1024794798,h2h,,,2025-08-29 23:19:52.026873+00
1024803221,h2h,,,2025-08-29 23:19:52.032142+00
1024806304,h2h,,,2025-08-29 23:19:52.036139+00
1024807560,h2h,,,2025-08-29 23:19:52.038923+00
1024803205,h2h,,,2025-08-29 23:19:52.042494+00
1024387796,h2h,,,2025-08-29 23:19:52.045589+00
1022037257,h2h,,,2025-08-29 23:19:52.048297+00
1022037245,h2h,,,2025-08-29 23:19:52.05159+00
1022037256,h2h,,,2025-08-29 23:19:52.054157+00
1022037241,h2h,,,2025-08-29 23:19:52.056565+00
1022037244,h2h,,,2025-08-29 23:19:52.059055+00
1022037238,h2h,,,2025-08-29 23:19:52.061879+00
1022037234,h2h,,,2025-08-29 23:19:52.064072+00
1022949412,h2h,,,2025-08-29 23:19:53.409267+00
1024777705,h2h,,,2025-08-29 23:19:53.414077+00
1024110478,h2h,,,2025-08-29 23:19:53.418519+00
1024110487,h2h,,,2025-08-29 23:19:53.422853+00
1024714782,h2h,,,2025-08-29 23:19:53.429399+00
1022635843,h2h,,,2025-08-29 23:19:53.43402+00
1024221322,h2h,,,2025-08-29 23:19:53.439056+00
1024657821,h2h,,,2025-08-29 23:19:53.442788+00
1024794512,h2h,,,2025-08-29 23:19:53.445296+00
1024794857,h2h,,,2025-08-29 23:19:53.448124+00
1024794008,h2h,,,2025-08-29 23:19:53.450337+00
1024796224,h2h,,,2025-08-29 23:19:53.452928+00
1024801876,h2h,,,2025-08-29 23:19:53.455926+00
1024802819,h2h,,,2025-08-29 23:19:53.458855+00
1024790512,h2h,,,2025-08-29 23:19:53.461571+00
1024790664,h2h,,,2025-08-29 23:19:53.464123+00
1024798255,h2h,,,2025-08-29 23:19:53.466479+00
1024387424,h2h,,,2025-08-29 23:19:53.468865+00
1024387439,h2h,,,2025-08-29 23:19:53.47162+00
1023364183,h2h,,,2025-08-29 23:19:53.474157+00
1023418354,h2h,,,2025-08-29 23:19:53.476517+00
1024762750,h2h,,,2025-08-29 23:19:53.481726+00
1024803223,h2h,,,2025-08-29 23:19:53.488806+00
1024794798,h2h,,,2025-08-29 23:19:53.49195+00
1024803221,h2h,,,2025-08-29 23:19:53.496583+00
1024806304,h2h,,,2025-08-29 23:19:53.49908+00
1024807560,h2h,,,2025-08-29 23:19:53.501661+00
1024803205,h2h,,,2025-08-29 23:19:53.504215+00
1024387796,h2h,,,2025-08-29 23:19:53.507443+00
1022037257,h2h,,,2025-08-29 23:19:53.50991+00
1022037245,h2h,,,2025-08-29 23:19:53.512375+00
1022037256,h2h,,,2025-08-29 23:19:53.514699+00
1022037241,h2h,,,2025-08-29 23:19:53.517305+00
1022037244,h2h,,,2025-08-29 23:19:53.51978+00
1022037238,h2h,,,2025-08-29 23:19:53.52285+00
1022037234,h2h,,,2025-08-29 23:19:53.525554+00
1022949412,h2h,,,2025-08-29 23:20:00.217383+00
1024777705,h2h,,,2025-08-29 23:20:00.222683+00
1024110478,h2h,,,2025-08-29 23:20:00.225804+00
1024110487,h2h,,,2025-08-29 23:20:00.228632+00
1024714782,h2h,,,2025-08-29 23:20:00.231677+00
1022635843,h2h,,,2025-08-29 23:20:00.234538+00
1024221322,h2h,,,2025-08-29 23:20:00.237585+00
1024657821,h2h,,,2025-08-29 23:20:00.240638+00
1024794512,h2h,,,2025-08-29 23:20:00.24342+00
1024794857,h2h,,,2025-08-29 23:20:00.246616+00
1024794008,h2h,,,2025-08-29 23:20:00.249733+00
1024796224,h2h,,,2025-08-29 23:20:00.253453+00
1024801876,h2h,,,2025-08-29 23:20:00.256595+00
1024802819,h2h,,,2025-08-29 23:20:00.259993+00
1024790512,h2h,,,2025-08-29 23:20:00.263135+00
1024790664,h2h,,,2025-08-29 23:20:00.266322+00
1024798255,h2h,,,2025-08-29 23:20:00.269275+00
1024387424,h2h,,,2025-08-29 23:20:00.272616+00
1024387439,h2h,,,2025-08-29 23:20:00.275806+00
1023364183,h2h,,,2025-08-29 23:20:00.278687+00
1023418354,h2h,,,2025-08-29 23:20:00.281616+00
1024762750,h2h,,,2025-08-29 23:20:00.286699+00
1024805319,h2h,,,2025-08-29 23:20:00.290407+00
1024803223,h2h,,,2025-08-29 23:20:00.294928+00
1024794798,h2h,,,2025-08-29 23:20:00.297844+00
1024803221,h2h,,,2025-08-29 23:20:00.301781+00
1024806304,h2h,,,2025-08-29 23:20:00.304583+00
1024807560,h2h,,,2025-08-29 23:20:00.309157+00
1024803205,h2h,,,2025-08-29 23:20:00.312233+00
1024387796,h2h,,,2025-08-29 23:20:00.315458+00
1022037257,h2h,,,2025-08-29 23:20:00.318358+00
1022037245,h2h,,,2025-08-29 23:20:00.321018+00
1022037256,h2h,,,2025-08-29 23:20:00.324461+00
1022037241,h2h,,,2025-08-29 23:20:00.327212+00
1022037244,h2h,,,2025-08-29 23:20:00.329727+00
1022037238,h2h,,,2025-08-29 23:20:00.332245+00
1022037234,h2h,,,2025-08-29 23:20:00.334936+00
1022949412,h2h,,,2025-08-29 23:20:05.048702+00
1024777705,h2h,,,2025-08-29 23:20:05.052429+00
1024110478,h2h,,,2025-08-29 23:20:05.05563+00
1024110487,h2h,,,2025-08-29 23:20:05.059013+00
1024714782,h2h,,,2025-08-29 23:20:05.062581+00
1022635843,h2h,,,2025-08-29 23:20:05.06552+00
1024221322,h2h,,,2025-08-29 23:20:05.067958+00
1024657821,h2h,,,2025-08-29 23:20:05.070887+00
1024794512,h2h,,,2025-08-29 23:20:05.073467+00
1024794857,h2h,,,2025-08-29 23:20:05.07597+00
1024794008,h2h,,,2025-08-29 23:20:05.078589+00
1024796224,h2h,,,2025-08-29 23:20:05.081276+00
1024801876,h2h,,,2025-08-29 23:20:05.08357+00
1024802819,h2h,,,2025-08-29 23:20:05.086055+00
1024790512,h2h,,,2025-08-29 23:20:05.088769+00
1024790664,h2h,,,2025-08-29 23:20:05.09137+00
1024798255,h2h,,,2025-08-29 23:20:05.093761+00
1024387424,h2h,,,2025-08-29 23:20:05.096566+00
1024387439,h2h,,,2025-08-29 23:20:05.099255+00
1023364183,h2h,,,2025-08-29 23:20:05.101972+00
1023418354,h2h,,,2025-08-29 23:20:05.104877+00
1024762750,h2h,,,2025-08-29 23:20:05.109435+00
1024805319,h2h,,,2025-08-29 23:20:05.111962+00
1024803223,h2h,,,2025-08-29 23:20:05.115903+00
1024794798,h2h,,,2025-08-29 23:20:05.118293+00
1024803221,h2h,,,2025-08-29 23:20:05.122767+00
1024806304,h2h,,,2025-08-29 23:20:05.125209+00
1024807560,h2h,,,2025-08-29 23:20:05.12826+00
1024803205,h2h,,,2025-08-29 23:20:05.131018+00
1024387796,h2h,,,2025-08-29 23:20:05.133918+00
1022037257,h2h,,,2025-08-29 23:20:05.137056+00
1022037245,h2h,,,2025-08-29 23:20:05.139996+00
1022037256,h2h,,,2025-08-29 23:20:05.143252+00
1022037241,h2h,,,2025-08-29 23:20:05.146988+00
1022037244,h2h,,,2025-08-29 23:20:05.151751+00
1022037238,h2h,,,2025-08-29 23:20:05.156802+00
1022037234,h2h,,,2025-08-29 23:20:05.160979+00
1022949412,h2h,,,2025-08-29 23:20:08.440767+00
1024777705,h2h,,,2025-08-29 23:20:08.444299+00
1024110478,h2h,,,2025-08-29 23:20:08.446965+00
1024110487,h2h,,,2025-08-29 23:20:08.449873+00
1024714782,h2h,,,2025-08-29 23:20:08.452383+00
1022635843,h2h,,,2025-08-29 23:20:08.455714+00
1024221322,h2h,,,2025-08-29 23:20:08.459073+00
1024657821,h2h,,,2025-08-29 23:20:08.462247+00
1024794512,h2h,,,2025-08-29 23:20:08.46554+00
1024794857,h2h,,,2025-08-29 23:20:08.468057+00
1024794008,h2h,,,2025-08-29 23:20:08.471578+00
1024796224,h2h,,,2025-08-29 23:20:08.474543+00
1024801876,h2h,,,2025-08-29 23:20:08.477092+00
1024802819,h2h,,,2025-08-29 23:20:08.47939+00
1024790512,h2h,,,2025-08-29 23:20:08.481627+00
1024790664,h2h,,,2025-08-29 23:20:08.484201+00
1024798255,h2h,,,2025-08-29 23:20:08.486931+00
1024387424,h2h,,,2025-08-29 23:20:08.49026+00
1024387439,h2h,,,2025-08-29 23:20:08.492758+00
1023364183,h2h,,,2025-08-29 23:20:08.495144+00
1023418354,h2h,,,2025-08-29 23:20:08.497546+00
1024762750,h2h,,,2025-08-29 23:20:08.502226+00
1024805319,h2h,,,2025-08-29 23:20:08.505707+00
1024803223,h2h,,,2025-08-29 23:20:08.511142+00
1024794798,h2h,,,2025-08-29 23:20:08.513772+00
1024803221,h2h,,,2025-08-29 23:20:08.517662+00
1024806304,h2h,,,2025-08-29 23:20:08.520644+00
1024807560,h2h,,,2025-08-29 23:20:08.523816+00
1024803205,h2h,,,2025-08-29 23:20:08.526258+00
1024387796,h2h,,,2025-08-29 23:20:08.528517+00
1022037257,h2h,,,2025-08-29 23:20:08.530596+00
1022037245,h2h,,,2025-08-29 23:20:08.533315+00
1022037256,h2h,,,2025-08-29 23:20:08.535767+00
1022037241,h2h,,,2025-08-29 23:20:08.538878+00
1022037244,h2h,,,2025-08-29 23:20:08.541364+00
1022037238,h2h,,,2025-08-29 23:20:08.544183+00
1022037234,h2h,,,2025-08-29 23:20:08.546962+00
1022949412,h2h,,,2025-08-29 23:20:16.688457+00
1024777705,h2h,,,2025-08-29 23:20:16.694142+00
1024110478,h2h,,,2025-08-29 23:20:16.698579+00
1024110487,h2h,,,2025-08-29 23:20:16.702356+00
1024714782,h2h,,,2025-08-29 23:20:16.706122+00
1022635843,h2h,,,2025-08-29 23:20:16.709165+00
1024221322,h2h,,,2025-08-29 23:20:16.711952+00
1024657821,h2h,,,2025-08-29 23:20:16.716165+00
1024794512,h2h,,,2025-08-29 23:20:16.719149+00
1024794857,h2h,,,2025-08-29 23:20:16.723112+00
1024794008,h2h,,,2025-08-29 23:20:16.726568+00
1024796224,h2h,,,2025-08-29 23:20:16.730463+00
1024801876,h2h,,,2025-08-29 23:20:16.734008+00
1024802819,h2h,,,2025-08-29 23:20:16.737858+00
1024790512,h2h,,,2025-08-29 23:20:16.742751+00
1024790664,h2h,,,2025-08-29 23:20:16.747218+00
1024798255,h2h,,,2025-08-29 23:20:16.752436+00
1024387424,h2h,,,2025-08-29 23:20:16.759795+00
1024387439,h2h,,,2025-08-29 23:20:16.76476+00
1023364183,h2h,,,2025-08-29 23:20:16.76952+00
1023418354,h2h,,,2025-08-29 23:20:16.779049+00
1024762750,h2h,,,2025-08-29 23:20:16.792688+00
1024805319,h2h,,,2025-08-29 23:20:16.7999+00
1024803223,h2h,,,2025-08-29 23:20:16.810366+00
1024794798,h2h,,,2025-08-29 23:20:16.819957+00
1024803221,h2h,,,2025-08-29 23:20:16.82641+00
1024806304,h2h,,,2025-08-29 23:20:16.829919+00
1024807560,h2h,,,2025-08-29 23:20:16.833483+00
1024803205,h2h,,,2025-08-29 23:20:16.837217+00
1024387796,h2h,,,2025-08-29 23:20:16.840964+00
1022037257,h2h,,,2025-08-29 23:20:16.845656+00
1022037245,h2h,,,2025-08-29 23:20:16.850073+00
1022037256,h2h,,,2025-08-29 23:20:16.853294+00
1022037241,h2h,,,2025-08-29 23:20:16.856286+00
1022037244,h2h,,,2025-08-29 23:20:16.859341+00
1022037238,h2h,,,2025-08-29 23:20:16.862345+00
1022037234,h2h,,,2025-08-29 23:20:16.865641+00
1022949412,h2h,,,2025-08-29 23:20:16.868766+00
1024777705,h2h,,,2025-08-29 23:20:16.872243+00
1024110478,h2h,,,2025-08-29 23:20:16.875366+00
1024110487,h2h,,,2025-08-29 23:20:16.87824+00
1024714782,h2h,,,2025-08-29 23:20:16.881061+00
1022635843,h2h,,,2025-08-29 23:20:16.883932+00
1024221322,h2h,,,2025-08-29 23:20:16.886755+00
1024657821,h2h,,,2025-08-29 23:20:16.889913+00
1024794512,h2h,,,2025-08-29 23:20:16.893591+00
1024794857,h2h,,,2025-08-29 23:20:16.896518+00
1024794008,h2h,,,2025-08-29 23:20:16.900235+00
1024796224,h2h,,,2025-08-29 23:20:16.903524+00
1024801876,h2h,,,2025-08-29 23:20:16.906443+00
1024802819,h2h,,,2025-08-29 23:20:16.909411+00
1024790512,h2h,,,2025-08-29 23:20:16.912844+00
1024790664,h2h,,,2025-08-29 23:20:16.916182+00
1024798255,h2h,,,2025-08-29 23:20:16.920984+00
1024387424,h2h,,,2025-08-29 23:20:16.924013+00
1024387439,h2h,,,2025-08-29 23:20:16.926636+00
1023364183,h2h,,,2025-08-29 23:20:16.929963+00
1023418354,h2h,,,2025-08-29 23:20:16.932983+00
1024762750,h2h,,,2025-08-29 23:20:16.938186+00
1024805319,h2h,,,2025-08-29 23:20:16.941092+00
1024803223,h2h,,,2025-08-29 23:20:16.946291+00
1024794798,h2h,,,2025-08-29 23:20:16.94902+00
1024803221,h2h,,,2025-08-29 23:20:16.953545+00
1024806304,h2h,,,2025-08-29 23:20:16.956433+00
1024807560,h2h,,,2025-08-29 23:20:16.95963+00
1024803205,h2h,,,2025-08-29 23:20:16.963023+00
1024387796,h2h,,,2025-08-29 23:20:16.966043+00
1022037257,h2h,,,2025-08-29 23:20:16.969755+00
1022037245,h2h,,,2025-08-29 23:20:16.973597+00
1022037256,h2h,,,2025-08-29 23:20:16.976364+00
1022037241,h2h,,,2025-08-29 23:20:16.979134+00
1022037244,h2h,,,2025-08-29 23:20:16.982227+00
1022037238,h2h,,,2025-08-29 23:20:16.985167+00
1022037234,h2h,,,2025-08-29 23:20:16.988305+00
1022949412,h2h,,,2025-08-29 23:20:25.123288+00
1024777705,h2h,,,2025-08-29 23:20:25.148716+00
1024110478,h2h,,,2025-08-29 23:20:25.154081+00
1024110487,h2h,,,2025-08-29 23:20:25.15883+00
1024714782,h2h,,,2025-08-29 23:20:25.162992+00
1022635843,h2h,,,2025-08-29 23:20:25.178451+00
1024221322,h2h,,,2025-08-29 23:20:25.190552+00
1024657821,h2h,,,2025-08-29 23:20:25.195774+00
1024794512,h2h,,,2025-08-29 23:20:25.200677+00
1024794857,h2h,,,2025-08-29 23:20:25.204355+00
1024794008,h2h,,,2025-08-29 23:20:25.208351+00
1024796224,h2h,,,2025-08-29 23:20:25.211987+00
1024801876,h2h,,,2025-08-29 23:20:25.215766+00
1024802819,h2h,,,2025-08-29 23:20:25.219567+00
1024790512,h2h,,,2025-08-29 23:20:25.224047+00
1024790664,h2h,,,2025-08-29 23:20:25.227878+00
1024798255,h2h,,,2025-08-29 23:20:25.231299+00
1024387424,h2h,,,2025-08-29 23:20:25.235857+00
1024387439,h2h,,,2025-08-29 23:20:25.23945+00
1023364183,h2h,,,2025-08-29 23:20:25.242818+00
1023418354,h2h,,,2025-08-29 23:20:25.246188+00
1024762750,h2h,,,2025-08-29 23:20:25.251567+00
1024805319,h2h,,,2025-08-29 23:20:25.257059+00
1024803223,h2h,,,2025-08-29 23:20:25.261752+00
1024794798,h2h,,,2025-08-29 23:20:25.265085+00
1024803221,h2h,,,2025-08-29 23:20:25.275026+00
1024806304,h2h,,,2025-08-29 23:20:25.279084+00
1024807560,h2h,,,2025-08-29 23:20:25.283494+00
1024803205,h2h,,,2025-08-29 23:20:25.287635+00
1024387796,h2h,,,2025-08-29 23:20:25.292454+00
1022037257,h2h,,,2025-08-29 23:20:25.297032+00
1022037245,h2h,,,2025-08-29 23:20:25.300287+00
1022037256,h2h,,,2025-08-29 23:20:25.303854+00
1022037241,h2h,,,2025-08-29 23:20:25.307678+00
1022037244,h2h,,,2025-08-29 23:20:25.310953+00
1022037238,h2h,,,2025-08-29 23:20:25.31419+00
1022037234,h2h,,,2025-08-29 23:20:25.317705+00
1022949412,h2h,,,2025-08-29 23:20:28.34609+00
1024777705,h2h,,,2025-08-29 23:20:28.349608+00
1024110478,h2h,,,2025-08-29 23:20:28.352598+00
1024110487,h2h,,,2025-08-29 23:20:28.355764+00
1024714782,h2h,,,2025-08-29 23:20:28.358905+00
1022635843,h2h,,,2025-08-29 23:20:28.362708+00
1024221322,h2h,,,2025-08-29 23:20:28.365313+00
1024657821,h2h,,,2025-08-29 23:20:28.368585+00
1024794512,h2h,,,2025-08-29 23:20:28.371952+00
1024794857,h2h,,,2025-08-29 23:20:28.374891+00
1024794008,h2h,,,2025-08-29 23:20:28.378041+00
1024796224,h2h,,,2025-08-29 23:20:28.381357+00
1024801876,h2h,,,2025-08-29 23:20:28.384225+00
1024802819,h2h,,,2025-08-29 23:20:28.387991+00
1024790512,h2h,,,2025-08-29 23:20:28.39143+00
1024790664,h2h,,,2025-08-29 23:20:28.394322+00
1024798255,h2h,,,2025-08-29 23:20:28.396971+00
1024387424,h2h,,,2025-08-29 23:20:28.39945+00
1024387439,h2h,,,2025-08-29 23:20:28.40221+00
1023364183,h2h,,,2025-08-29 23:20:28.405053+00
1023418354,h2h,,,2025-08-29 23:20:28.408364+00
1024762750,h2h,,,2025-08-29 23:20:28.412962+00
1024805319,h2h,,,2025-08-29 23:20:28.416076+00
1024803223,h2h,,,2025-08-29 23:20:28.420988+00
1024794798,h2h,,,2025-08-29 23:20:28.423268+00
1024803221,h2h,,,2025-08-29 23:20:28.427346+00
1024806304,h2h,,,2025-08-29 23:20:28.429906+00
1024807560,h2h,,,2025-08-29 23:20:28.432527+00
1024803205,h2h,,,2025-08-29 23:20:28.435142+00
1024387796,h2h,,,2025-08-29 23:20:28.437478+00
1022037257,h2h,,,2025-08-29 23:20:28.440565+00
1022037245,h2h,,,2025-08-29 23:20:28.443136+00
1022037256,h2h,,,2025-08-29 23:20:28.445527+00
1022037241,h2h,,,2025-08-29 23:20:28.447717+00
1022037244,h2h,,,2025-08-29 23:20:28.450226+00
1022037238,h2h,,,2025-08-29 23:20:28.452585+00
1022037234,h2h,,,2025-08-29 23:20:28.455147+00
1022949412,h2h,,,2025-08-29 23:20:33.443437+00
1024777705,h2h,,,2025-08-29 23:20:33.447783+00
1024110478,h2h,,,2025-08-29 23:20:33.45064+00
1024110487,h2h,,,2025-08-29 23:20:33.454033+00
1024714782,h2h,,,2025-08-29 23:20:33.456881+00
1022635843,h2h,,,2025-08-29 23:20:33.459744+00
1024221322,h2h,,,2025-08-29 23:20:33.464182+00
1024657821,h2h,,,2025-08-29 23:20:33.467128+00
1024794512,h2h,,,2025-08-29 23:20:33.469816+00
1024794857,h2h,,,2025-08-29 23:20:33.47217+00
1024794008,h2h,,,2025-08-29 23:20:33.474332+00
1024796224,h2h,,,2025-08-29 23:20:33.476519+00
1024801876,h2h,,,2025-08-29 23:20:33.478853+00
1024802819,h2h,,,2025-08-29 23:20:33.481976+00
1024790512,h2h,,,2025-08-29 23:20:33.484725+00
1024790664,h2h,,,2025-08-29 23:20:33.488024+00
1024798255,h2h,,,2025-08-29 23:20:33.490626+00
1024387424,h2h,,,2025-08-29 23:20:33.493266+00
1024387439,h2h,,,2025-08-29 23:20:33.49593+00
1023364183,h2h,,,2025-08-29 23:20:33.498266+00
1023418354,h2h,,,2025-08-29 23:20:33.501067+00
1024762750,h2h,,,2025-08-29 23:20:33.504993+00
1024805319,h2h,,,2025-08-29 23:20:33.507371+00
1024803223,h2h,,,2025-08-29 23:20:33.512774+00
1024794798,h2h,,,2025-08-29 23:20:33.51558+00
1024803221,h2h,,,2025-08-29 23:20:33.519728+00
1024806304,h2h,,,2025-08-29 23:20:33.522315+00
1024807560,h2h,,,2025-08-29 23:20:33.524935+00
1024803205,h2h,,,2025-08-29 23:20:33.527246+00
1024387796,h2h,,,2025-08-29 23:20:33.529868+00
1022037257,h2h,,,2025-08-29 23:20:33.532248+00
1022037245,h2h,,,2025-08-29 23:20:33.535226+00
1022037256,h2h,,,2025-08-29 23:20:33.537664+00
1022037241,h2h,,,2025-08-29 23:20:33.539988+00
1022037244,h2h,,,2025-08-29 23:20:33.542473+00
1022037238,h2h,,,2025-08-29 23:20:33.545549+00
1022037234,h2h,,,2025-08-29 23:20:33.548008+00
1022949412,h2h,,,2025-08-29 23:20:40.003395+00
1024777705,h2h,,,2025-08-29 23:20:40.008824+00
1024110478,h2h,,,2025-08-29 23:20:40.012769+00
1024110487,h2h,,,2025-08-29 23:20:40.015876+00
1024714782,h2h,,,2025-08-29 23:20:40.019384+00
1022635843,h2h,,,2025-08-29 23:20:40.022952+00
1024221322,h2h,,,2025-08-29 23:20:40.025883+00
1024657821,h2h,,,2025-08-29 23:20:40.028832+00
1024794512,h2h,,,2025-08-29 23:20:40.031788+00
1024794857,h2h,,,2025-08-29 23:20:40.034676+00
1024794008,h2h,,,2025-08-29 23:20:40.038203+00
1024796224,h2h,,,2025-08-29 23:20:40.040879+00
1024801876,h2h,,,2025-08-29 23:20:40.043645+00
1024802819,h2h,,,2025-08-29 23:20:40.046564+00
1024790512,h2h,,,2025-08-29 23:20:40.049432+00
1024790664,h2h,,,2025-08-29 23:20:40.052671+00
1024798255,h2h,,,2025-08-29 23:20:40.055244+00
1024387424,h2h,,,2025-08-29 23:20:40.058054+00
1024387439,h2h,,,2025-08-29 23:20:40.061031+00
1023364183,h2h,,,2025-08-29 23:20:40.063708+00
1023418354,h2h,,,2025-08-29 23:20:40.066358+00
1024762750,h2h,,,2025-08-29 23:20:40.070927+00
1024805319,h2h,,,2025-08-29 23:20:40.073541+00
1024803223,h2h,,,2025-08-29 23:20:40.078164+00
1024794798,h2h,,,2025-08-29 23:20:40.080901+00
1024803221,h2h,,,2025-08-29 23:20:40.085239+00
1024806304,h2h,,,2025-08-29 23:20:40.087974+00
1024807560,h2h,,,2025-08-29 23:20:40.090741+00
1024803205,h2h,,,2025-08-29 23:20:40.093473+00
1024387796,h2h,,,2025-08-29 23:20:40.096013+00
1022037257,h2h,,,2025-08-29 23:20:40.099222+00
1022037245,h2h,,,2025-08-29 23:20:40.101912+00
1022037256,h2h,,,2025-08-29 23:20:40.104395+00
1022037241,h2h,,,2025-08-29 23:20:40.107137+00
1022037244,h2h,,,2025-08-29 23:20:40.109802+00
1022037238,h2h,,,2025-08-29 23:20:40.112463+00
1022037234,h2h,,,2025-08-29 23:20:40.114888+00
1022949412,h2h,,,2025-08-29 23:20:41.593326+00
1024777705,h2h,,,2025-08-29 23:20:41.598058+00
1024110478,h2h,,,2025-08-29 23:20:41.602716+00
1024110487,h2h,,,2025-08-29 23:20:41.605964+00
1024714782,h2h,,,2025-08-29 23:20:41.608814+00
1022635843,h2h,,,2025-08-29 23:20:41.612417+00
1024221322,h2h,,,2025-08-29 23:20:41.615819+00
1024657821,h2h,,,2025-08-29 23:20:41.618969+00
1024794512,h2h,,,2025-08-29 23:20:41.62184+00
1024794857,h2h,,,2025-08-29 23:20:41.624921+00
1024794008,h2h,,,2025-08-29 23:20:41.628105+00
1024796224,h2h,,,2025-08-29 23:20:41.630785+00
1024801876,h2h,,,2025-08-29 23:20:41.633207+00
1024802819,h2h,,,2025-08-29 23:20:41.635859+00
1024790512,h2h,,,2025-08-29 23:20:41.638983+00
1024790664,h2h,,,2025-08-29 23:20:41.641998+00
1024798255,h2h,,,2025-08-29 23:20:41.644809+00
1024387424,h2h,,,2025-08-29 23:20:41.647572+00
1024387439,h2h,,,2025-08-29 23:20:41.650502+00
1023364183,h2h,,,2025-08-29 23:20:41.653373+00
1023418354,h2h,,,2025-08-29 23:20:41.656183+00
1024762750,h2h,,,2025-08-29 23:20:41.660563+00
1024805319,h2h,,,2025-08-29 23:20:41.663057+00
1024803223,h2h,,,2025-08-29 23:20:41.667244+00
1024794798,h2h,,,2025-08-29 23:20:41.669852+00
1024803221,h2h,,,2025-08-29 23:20:41.674064+00
1024806304,h2h,,,2025-08-29 23:20:41.676738+00
1024807560,h2h,,,2025-08-29 23:20:41.679263+00
1024803205,h2h,,,2025-08-29 23:20:41.682004+00
1024387796,h2h,,,2025-08-29 23:20:41.684342+00
1022037257,h2h,,,2025-08-29 23:20:41.686935+00
1022037245,h2h,,,2025-08-29 23:20:41.690128+00
1022037256,h2h,,,2025-08-29 23:20:41.692713+00
1022037241,h2h,,,2025-08-29 23:20:41.69534+00
1022037244,h2h,,,2025-08-29 23:20:41.698386+00
1022037238,h2h,,,2025-08-29 23:20:41.701063+00
1022037234,h2h,,,2025-08-29 23:20:41.7039+00
1022949412,h2h,,,2025-08-29 23:20:50.293815+00
1024777705,h2h,,,2025-08-29 23:20:50.298552+00
1024110478,h2h,,,2025-08-29 23:20:50.303295+00
1024110487,h2h,,,2025-08-29 23:20:50.316461+00
1024714782,h2h,,,2025-08-29 23:20:50.319985+00
1022635843,h2h,,,2025-08-29 23:20:50.323068+00
1024221322,h2h,,,2025-08-29 23:20:50.326152+00
1024657821,h2h,,,2025-08-29 23:20:50.329727+00
1024794512,h2h,,,2025-08-29 23:20:50.33324+00
1024794857,h2h,,,2025-08-29 23:20:50.336203+00
1024794008,h2h,,,2025-08-29 23:20:50.338732+00
1024796224,h2h,,,2025-08-29 23:20:50.341196+00
1024801876,h2h,,,2025-08-29 23:20:50.343481+00
1024802819,h2h,,,2025-08-29 23:20:50.34603+00
1024790512,h2h,,,2025-08-29 23:20:50.348778+00
1024790664,h2h,,,2025-08-29 23:20:50.351658+00
1024798255,h2h,,,2025-08-29 23:20:50.35421+00
1024387424,h2h,,,2025-08-29 23:20:50.356568+00
1024387439,h2h,,,2025-08-29 23:20:50.358846+00
1023364183,h2h,,,2025-08-29 23:20:50.36126+00
1023418354,h2h,,,2025-08-29 23:20:50.363551+00
1024762750,h2h,,,2025-08-29 23:20:50.367497+00
1024805319,h2h,,,2025-08-29 23:20:50.369994+00
1024803223,h2h,,,2025-08-29 23:20:50.373884+00
1024794798,h2h,,,2025-08-29 23:20:50.376295+00
1024803221,h2h,,,2025-08-29 23:20:50.380055+00
1024806304,h2h,,,2025-08-29 23:20:50.382319+00
1024807560,h2h,,,2025-08-29 23:20:50.384684+00
1024803205,h2h,,,2025-08-29 23:20:50.387859+00
1024387796,h2h,,,2025-08-29 23:20:50.390531+00
1022037257,h2h,,,2025-08-29 23:20:50.392942+00
1022037245,h2h,,,2025-08-29 23:20:50.395599+00
1022037256,h2h,,,2025-08-29 23:20:50.39875+00
1022037241,h2h,,,2025-08-29 23:20:50.401353+00
1022037244,h2h,,,2025-08-29 23:20:50.404469+00
1022037238,h2h,,,2025-08-29 23:20:50.407303+00
1022037234,h2h,,,2025-08-29 23:20:50.409616+00
1022949412,h2h,,,2025-08-29 23:20:51.162901+00
1024777705,h2h,,,2025-08-29 23:20:51.167134+00
1024110478,h2h,,,2025-08-29 23:20:51.169921+00
1024110487,h2h,,,2025-08-29 23:20:51.172481+00
1024714782,h2h,,,2025-08-29 23:20:51.175185+00
1022635843,h2h,,,2025-08-29 23:20:51.178011+00
1024221322,h2h,,,2025-08-29 23:20:51.180392+00
1024657821,h2h,,,2025-08-29 23:20:51.182589+00
1024794512,h2h,,,2025-08-29 23:20:51.185067+00
1024794857,h2h,,,2025-08-29 23:20:51.187582+00
1024794008,h2h,,,2025-08-29 23:20:51.189872+00
1024796224,h2h,,,2025-08-29 23:20:51.19287+00
1024801876,h2h,,,2025-08-29 23:20:51.195513+00
1024802819,h2h,,,2025-08-29 23:20:51.198043+00
1024790512,h2h,,,2025-08-29 23:20:51.200487+00
1024790664,h2h,,,2025-08-29 23:20:51.202916+00
1024798255,h2h,,,2025-08-29 23:20:51.205492+00
1024387424,h2h,,,2025-08-29 23:20:51.207948+00
1024387439,h2h,,,2025-08-29 23:20:51.21034+00
1023364183,h2h,,,2025-08-29 23:20:51.212903+00
1023418354,h2h,,,2025-08-29 23:20:51.215382+00
1024762750,h2h,,,2025-08-29 23:20:51.219454+00
1024805319,h2h,,,2025-08-29 23:20:51.221846+00
1024803223,h2h,,,2025-08-29 23:20:51.225833+00
1024794798,h2h,,,2025-08-29 23:20:51.228374+00
1024803221,h2h,,,2025-08-29 23:20:51.23236+00
1024806304,h2h,,,2025-08-29 23:20:51.234809+00
1024807560,h2h,,,2025-08-29 23:20:51.236958+00
1024803205,h2h,,,2025-08-29 23:20:51.239199+00
1024387796,h2h,,,2025-08-29 23:20:51.242229+00
1022037257,h2h,,,2025-08-29 23:20:51.245811+00
1022037245,h2h,,,2025-08-29 23:20:51.24878+00
1022037256,h2h,,,2025-08-29 23:20:51.253434+00
1022037241,h2h,,,2025-08-29 23:20:51.256956+00
1022037244,h2h,,,2025-08-29 23:20:51.260235+00
1022037238,h2h,,,2025-08-29 23:20:51.269615+00
1022037234,h2h,,,2025-08-29 23:20:51.273555+00
1022949412,h2h,,,2025-08-29 23:20:58.55753+00
1024777705,h2h,,,2025-08-29 23:20:58.562626+00
1024110478,h2h,,,2025-08-29 23:20:58.565344+00
1024110487,h2h,,,2025-08-29 23:20:58.568687+00
1024714782,h2h,,,2025-08-29 23:20:58.571206+00
1022635843,h2h,,,2025-08-29 23:20:58.573589+00
1024221322,h2h,,,2025-08-29 23:20:58.576465+00
1024794512,h2h,,,2025-08-29 23:20:58.580468+00
1024794857,h2h,,,2025-08-29 23:20:58.58285+00
1024794008,h2h,,,2025-08-29 23:20:58.585293+00
1024796224,h2h,,,2025-08-29 23:20:58.587973+00
1024801876,h2h,,,2025-08-29 23:20:58.590966+00
1024802819,h2h,,,2025-08-29 23:20:58.593764+00
1024790512,h2h,,,2025-08-29 23:20:58.596063+00
1024790664,h2h,,,2025-08-29 23:20:58.598351+00
1024798255,h2h,,,2025-08-29 23:20:58.600867+00
1024387424,h2h,,,2025-08-29 23:20:58.603274+00
1024387439,h2h,,,2025-08-29 23:20:58.605717+00
1023364183,h2h,,,2025-08-29 23:20:58.608094+00
1023418354,h2h,,,2025-08-29 23:20:58.610708+00
1024762750,h2h,,,2025-08-29 23:20:58.61477+00
1024803223,h2h,,,2025-08-29 23:20:58.620477+00
1024794798,h2h,,,2025-08-29 23:20:58.622832+00
1024803221,h2h,,,2025-08-29 23:20:58.626872+00
1024806304,h2h,,,2025-08-29 23:20:58.629174+00
1024807560,h2h,,,2025-08-29 23:20:58.631301+00
1024803205,h2h,,,2025-08-29 23:20:58.633981+00
1024387796,h2h,,,2025-08-29 23:20:58.636372+00
1022037257,h2h,,,2025-08-29 23:20:58.640461+00
1022037245,h2h,,,2025-08-29 23:20:58.642763+00
1022037256,h2h,,,2025-08-29 23:20:58.645105+00
1022037241,h2h,,,2025-08-29 23:20:58.647488+00
1022037244,h2h,,,2025-08-29 23:20:58.649708+00
1022037238,h2h,,,2025-08-29 23:20:58.651846+00
1022037234,h2h,,,2025-08-29 23:20:58.654129+00
1022949412,h2h,,,2025-08-29 23:21:02.806225+00
1024777705,h2h,,,2025-08-29 23:21:02.811154+00
1024110478,h2h,,,2025-08-29 23:21:02.814048+00
1024110487,h2h,,,2025-08-29 23:21:02.816965+00
1024714782,h2h,,,2025-08-29 23:21:02.81998+00
1022635843,h2h,,,2025-08-29 23:21:02.822686+00
1024221322,h2h,,,2025-08-29 23:21:02.824983+00
1024794512,h2h,,,2025-08-29 23:21:02.829777+00
1024794857,h2h,,,2025-08-29 23:21:02.83235+00
1024794008,h2h,,,2025-08-29 23:21:02.834685+00
1024796224,h2h,,,2025-08-29 23:21:02.837084+00
1024801876,h2h,,,2025-08-29 23:21:02.839434+00
1024802819,h2h,,,2025-08-29 23:21:02.842107+00
1024790512,h2h,,,2025-08-29 23:21:02.845119+00
1024790664,h2h,,,2025-08-29 23:21:02.847916+00
1024798255,h2h,,,2025-08-29 23:21:02.850715+00
1024387424,h2h,,,2025-08-29 23:21:02.853408+00
1024387439,h2h,,,2025-08-29 23:21:02.856437+00
1023364183,h2h,,,2025-08-29 23:21:02.858841+00
1023418354,h2h,,,2025-08-29 23:21:02.861502+00
1024762750,h2h,,,2025-08-29 23:21:02.866012+00
1024803223,h2h,,,2025-08-29 23:21:02.87276+00
1024794798,h2h,,,2025-08-29 23:21:02.875635+00
1024803221,h2h,,,2025-08-29 23:21:02.880424+00
1024806304,h2h,,,2025-08-29 23:21:02.883051+00
1024807560,h2h,,,2025-08-29 23:21:02.886069+00
1024803205,h2h,,,2025-08-29 23:21:02.888416+00
1024387796,h2h,,,2025-08-29 23:21:02.890768+00
1022037257,h2h,,,2025-08-29 23:21:02.893229+00
1022037245,h2h,,,2025-08-29 23:21:02.895553+00
1022037256,h2h,,,2025-08-29 23:21:02.897882+00
1022037241,h2h,,,2025-08-29 23:21:02.900794+00
1022037244,h2h,,,2025-08-29 23:21:02.903342+00
1022037238,h2h,,,2025-08-29 23:21:02.905639+00
1022037234,h2h,,,2025-08-29 23:21:02.908055+00
1022949412,h2h,,,2025-08-29 23:21:06.82318+00
1024777705,h2h,,,2025-08-29 23:21:06.826232+00
1024110478,h2h,,,2025-08-29 23:21:06.828946+00
1024110487,h2h,,,2025-08-29 23:21:06.832336+00
1024714782,h2h,,,2025-08-29 23:21:06.835162+00
1022635843,h2h,,,2025-08-29 23:21:06.838176+00
1024221322,h2h,,,2025-08-29 23:21:06.840755+00
1024794512,h2h,,,2025-08-29 23:21:06.845304+00
1024794857,h2h,,,2025-08-29 23:21:06.8477+00
1024794008,h2h,,,2025-08-29 23:21:06.850022+00
1024796224,h2h,,,2025-08-29 23:21:06.852428+00
1024801876,h2h,,,2025-08-29 23:21:06.855299+00
1024802819,h2h,,,2025-08-29 23:21:06.857574+00
1024790512,h2h,,,2025-08-29 23:21:06.859938+00
1024790664,h2h,,,2025-08-29 23:21:06.862285+00
1024387424,h2h,,,2025-08-29 23:21:06.866273+00
1024387439,h2h,,,2025-08-29 23:21:06.868636+00
1023364183,h2h,,,2025-08-29 23:21:06.87107+00
1023418354,h2h,,,2025-08-29 23:21:06.873636+00
1024762750,h2h,,,2025-08-29 23:21:06.877819+00
1024803223,h2h,,,2025-08-29 23:21:06.883304+00
1024794798,h2h,,,2025-08-29 23:21:06.885754+00
1024803221,h2h,,,2025-08-29 23:21:06.88955+00
1024806304,h2h,,,2025-08-29 23:21:06.891949+00
1024807560,h2h,,,2025-08-29 23:21:06.894293+00
1024803205,h2h,,,2025-08-29 23:21:06.896514+00
1024387796,h2h,,,2025-08-29 23:21:06.898684+00
1022037245,h2h,,,2025-08-29 23:21:06.902845+00
1022037256,h2h,,,2025-08-29 23:21:06.905132+00
1022037241,h2h,,,2025-08-29 23:21:06.907394+00
1022037244,h2h,,,2025-08-29 23:21:06.909549+00
1022037238,h2h,,,2025-08-29 23:21:06.911725+00
1022037234,h2h,,,2025-08-29 23:21:06.913861+00
1022949412,h2h,,,2025-08-29 23:21:14.48291+00
1024777705,h2h,,,2025-08-29 23:21:14.488677+00
1024110478,h2h,,,2025-08-29 23:21:14.493146+00
1024110487,h2h,,,2025-08-29 23:21:14.49663+00
1024714782,h2h,,,2025-08-29 23:21:14.500517+00
1022635843,h2h,,,2025-08-29 23:21:14.504157+00
1024221322,h2h,,,2025-08-29 23:21:14.508587+00
1024794512,h2h,,,2025-08-29 23:21:14.514139+00
1024794857,h2h,,,2025-08-29 23:21:14.517589+00
1024794008,h2h,,,2025-08-29 23:21:14.520559+00
1024796224,h2h,,,2025-08-29 23:21:14.523632+00
1024801876,h2h,,,2025-08-29 23:21:14.526719+00
1024802819,h2h,,,2025-08-29 23:21:14.52953+00
1024790512,h2h,,,2025-08-29 23:21:14.53276+00
1024790664,h2h,,,2025-08-29 23:21:14.536375+00
1024387424,h2h,,,2025-08-29 23:21:14.541665+00
1024387439,h2h,,,2025-08-29 23:21:14.544501+00
1023364183,h2h,,,2025-08-29 23:21:14.547167+00
1023418354,h2h,,,2025-08-29 23:21:14.549983+00
1024762750,h2h,,,2025-08-29 23:21:14.55429+00
1024794798,h2h,,,2025-08-29 23:21:14.562158+00
1024803221,h2h,,,2025-08-29 23:21:14.566498+00
1024806304,h2h,,,2025-08-29 23:21:14.569172+00
1024807560,h2h,,,2025-08-29 23:21:14.571691+00
1024803205,h2h,,,2025-08-29 23:21:14.57465+00
1024387796,h2h,,,2025-08-29 23:21:14.577385+00
1022037245,h2h,,,2025-08-29 23:21:14.580682+00
1022037256,h2h,,,2025-08-29 23:21:14.583478+00
1022037241,h2h,,,2025-08-29 23:21:14.585995+00
1022037244,h2h,,,2025-08-29 23:21:14.589138+00
1022037238,h2h,,,2025-08-29 23:21:14.59245+00
1022037234,h2h,,,2025-08-29 23:21:14.59487+00
1022949412,h2h,,,2025-08-29 23:21:14.941253+00
1024777705,h2h,,,2025-08-29 23:21:14.945669+00
1024110478,h2h,,,2025-08-29 23:21:14.948897+00
1024110487,h2h,,,2025-08-29 23:21:14.951853+00
1024714782,h2h,,,2025-08-29 23:21:14.954298+00
1022635843,h2h,,,2025-08-29 23:21:14.95704+00
1024221322,h2h,,,2025-08-29 23:21:14.96007+00
1024794512,h2h,,,2025-08-29 23:21:14.963969+00
1024794857,h2h,,,2025-08-29 23:21:14.9663+00
1024794008,h2h,,,2025-08-29 23:21:14.968626+00
1024796224,h2h,,,2025-08-29 23:21:14.971646+00
1024801876,h2h,,,2025-08-29 23:21:14.974062+00
1024802819,h2h,,,2025-08-29 23:21:14.976582+00
1024790512,h2h,,,2025-08-29 23:21:14.979374+00
1024790664,h2h,,,2025-08-29 23:21:14.981882+00
1024387424,h2h,,,2025-08-29 23:21:14.985798+00
1024387439,h2h,,,2025-08-29 23:21:14.988247+00
1023364183,h2h,,,2025-08-29 23:21:14.990739+00
1023418354,h2h,,,2025-08-29 23:21:14.993099+00
1024762750,h2h,,,2025-08-29 23:21:14.997317+00
1024794798,h2h,,,2025-08-29 23:21:15.004638+00
1024803221,h2h,,,2025-08-29 23:21:15.008888+00
1024806304,h2h,,,2025-08-29 23:21:15.011233+00
1024807560,h2h,,,2025-08-29 23:21:15.013577+00
1024803205,h2h,,,2025-08-29 23:21:15.015881+00
1024387796,h2h,,,2025-08-29 23:21:15.018146+00
1022037245,h2h,,,2025-08-29 23:21:15.020558+00
1022037256,h2h,,,2025-08-29 23:21:15.022701+00
1022037241,h2h,,,2025-08-29 23:21:15.025161+00
1022037244,h2h,,,2025-08-29 23:21:15.028098+00
1022037238,h2h,,,2025-08-29 23:21:15.03045+00
1022037234,h2h,,,2025-08-29 23:21:15.032706+00
1022949412,h2h,,,2025-08-29 23:21:23.237173+00
1024777705,h2h,,,2025-08-29 23:21:23.240881+00
1024110478,h2h,,,2025-08-29 23:21:23.244123+00
1024110487,h2h,,,2025-08-29 23:21:23.246983+00
1024714782,h2h,,,2025-08-29 23:21:23.249551+00
1022635843,h2h,,,2025-08-29 23:21:23.25266+00
1024221322,h2h,,,2025-08-29 23:21:23.255123+00
1024794512,h2h,,,2025-08-29 23:21:23.259+00
1024794857,h2h,,,2025-08-29 23:21:23.261426+00
1024794008,h2h,,,2025-08-29 23:21:23.263836+00
1024796224,h2h,,,2025-08-29 23:21:23.266175+00
1024801876,h2h,,,2025-08-29 23:21:23.268681+00
1024802819,h2h,,,2025-08-29 23:21:23.270994+00
1024790512,h2h,,,2025-08-29 23:21:23.27333+00
1024790664,h2h,,,2025-08-29 23:21:23.276468+00
1024387424,h2h,,,2025-08-29 23:21:23.280361+00
1024387439,h2h,,,2025-08-29 23:21:23.28252+00
1023364183,h2h,,,2025-08-29 23:21:23.28484+00
1023418354,h2h,,,2025-08-29 23:21:23.28718+00
1024762750,h2h,,,2025-08-29 23:21:23.29104+00
1024794798,h2h,,,2025-08-29 23:21:23.296493+00
1024803221,h2h,,,2025-08-29 23:21:23.300669+00
1024806304,h2h,,,2025-08-29 23:21:23.303173+00
1024807560,h2h,,,2025-08-29 23:21:23.305319+00
1024803205,h2h,,,2025-08-29 23:21:23.307643+00
1024387796,h2h,,,2025-08-29 23:21:23.309774+00
1022037245,h2h,,,2025-08-29 23:21:23.312247+00
1022037256,h2h,,,2025-08-29 23:21:23.314577+00
1022037241,h2h,,,2025-08-29 23:21:23.31694+00
1022037244,h2h,,,2025-08-29 23:21:23.319163+00
1022037238,h2h,,,2025-08-29 23:21:23.321351+00
1022037234,h2h,,,2025-08-29 23:21:23.323511+00
1022949412,h2h,,,2025-08-29 23:21:26.260837+00
1024777705,h2h,,,2025-08-29 23:21:26.265472+00
1024110478,h2h,,,2025-08-29 23:21:26.269145+00
1024110487,h2h,,,2025-08-29 23:21:26.272116+00
1024714782,h2h,,,2025-08-29 23:21:26.274778+00
1022635843,h2h,,,2025-08-29 23:21:26.276973+00
1024221322,h2h,,,2025-08-29 23:21:26.279547+00
1024794512,h2h,,,2025-08-29 23:21:26.283458+00
1024794857,h2h,,,2025-08-29 23:21:26.286082+00
1024794008,h2h,,,2025-08-29 23:21:26.288234+00
1024796224,h2h,,,2025-08-29 23:21:26.29045+00
1024801876,h2h,,,2025-08-29 23:21:26.292673+00
1024802819,h2h,,,2025-08-29 23:21:26.295237+00
1024790512,h2h,,,2025-08-29 23:21:26.297473+00
1024790664,h2h,,,2025-08-29 23:21:26.299903+00
1024387424,h2h,,,2025-08-29 23:21:26.303504+00
1024387439,h2h,,,2025-08-29 23:21:26.306288+00
1023364183,h2h,,,2025-08-29 23:21:26.308717+00
1023418354,h2h,,,2025-08-29 23:21:26.310892+00
1024762750,h2h,,,2025-08-29 23:21:26.314985+00
1024794798,h2h,,,2025-08-29 23:21:26.320251+00
1024803221,h2h,,,2025-08-29 23:21:26.324215+00
1024806304,h2h,,,2025-08-29 23:21:26.326637+00
1024807560,h2h,,,2025-08-29 23:21:26.328709+00
1024803205,h2h,,,2025-08-29 23:21:26.331247+00
1024387796,h2h,,,2025-08-29 23:21:26.333494+00
1022037245,h2h,,,2025-08-29 23:21:26.335557+00
1022037256,h2h,,,2025-08-29 23:21:26.337699+00
1022037241,h2h,,,2025-08-29 23:21:26.339877+00
1022037244,h2h,,,2025-08-29 23:21:26.342073+00
1022037238,h2h,,,2025-08-29 23:21:26.344434+00
1022037234,h2h,,,2025-08-29 23:21:26.346666+00
1022949412,h2h,,,2025-08-29 23:21:31.530725+00
1024777705,h2h,,,2025-08-29 23:21:31.534282+00
