event_id,book,market,outcome_name,outcome_price,ts
1024777705,betrivers,h2h,,,2025-08-29 23:55:10.122715+00
1024110487,betrivers,h2h,,,2025-08-29 23:55:10.129199+00
1024714782,betrivers,h2h,,,2025-08-29 23:55:10.135555+00
1022635843,betrivers,h2h,,,2025-08-29 23:55:10.144842+00
1022706890,betrivers,h2h,,,2025-08-29 23:55:10.182166+00
1024794512,betrivers,h2h,,,2025-08-29 23:55:10.197275+00
1024794857,betrivers,h2h,,,2025-08-29 23:55:10.227213+00
1024794008,betrivers,h2h,,,2025-08-29 23:55:10.235539+00
1024796224,betrivers,h2h,,,2025-08-29 23:55:10.239597+00
1024802819,betrivers,h2h,,,2025-08-29 23:55:10.276471+00
1024790664,betrivers,h2h,,,2025-08-29 23:55:10.292446+00
1024387424,betrivers,h2h,,,2025-08-29 23:55:10.301323+00
1023364183,betrivers,h2h,,,2025-08-29 23:55:10.333769+00
1023418354,betrivers,h2h,,,2025-08-29 23:55:10.338409+00
1024805317,betrivers,h2h,,,2025-08-29 23:55:10.36734+00
1024803221,betrivers,h2h,,,2025-08-29 23:55:10.399248+00
1024806304,betrivers,h2h,,,2025-08-29 23:55:10.408522+00
1024807560,betrivers,h2h,,,2025-08-29 23:55:10.44259+00
1024814618,betrivers,h2h,,,2025-08-29 23:55:10.454823+00
1024803188,betrivers,h2h,,,2025-08-29 23:55:10.472565+00
1022307564,betrivers,h2h,,,2025-08-29 23:55:10.479055+00
1024387796,betrivers,h2h,,,2025-08-29 23:55:10.488976+00
1022037257,betrivers,h2h,,,2025-08-29 23:55:10.539259+00
1022037245,betrivers,h2h,,,2025-08-29 23:55:10.575887+00
1022037256,betrivers,h2h,,,2025-08-29 23:55:10.58618+00
1022037241,betrivers,h2h,,,2025-08-29 23:55:10.594301+00
1022037244,betrivers,h2h,,,2025-08-29 23:55:10.613383+00
1022037238,betrivers,h2h,,,2025-08-29 23:55:10.640973+00
1022037250,betrivers,h2h,,,2025-08-29 23:55:10.651978+00
1024387439,betrivers,h2h,,,2025-08-29 23:55:10.673033+00
1024777705,betrivers,h2h,,,2025-08-29 23:55:11.326913+00
1024110487,betrivers,h2h,,,2025-08-29 23:55:11.331219+00
1024714782,betrivers,h2h,,,2025-08-29 23:55:11.334348+00
1022635843,betrivers,h2h,,,2025-08-29 23:55:11.337319+00
1022706890,betrivers,h2h,,,2025-08-29 23:55:11.342143+00
1024794512,betrivers,h2h,,,2025-08-29 23:55:11.345039+00
1024794857,betrivers,h2h,,,2025-08-29 23:55:11.348547+00
1024794008,betrivers,h2h,,,2025-08-29 23:55:11.351963+00
1024796224,betrivers,h2h,,,2025-08-29 23:55:11.355219+00
1024802819,betrivers,h2h,,,2025-08-29 23:55:11.358254+00
1024790664,betrivers,h2h,,,2025-08-29 23:55:11.361914+00
1024387424,betrivers,h2h,,,2025-08-29 23:55:11.365384+00
1023364183,betrivers,h2h,,,2025-08-29 23:55:11.372666+00
1023418354,betrivers,h2h,,,2025-08-29 23:55:11.381395+00
1024805317,betrivers,h2h,,,2025-08-29 23:55:11.389964+00
1024803221,betrivers,h2h,,,2025-08-29 23:55:11.395016+00
1024806304,betrivers,h2h,,,2025-08-29 23:55:11.397576+00
1024807560,betrivers,h2h,,,2025-08-29 23:55:11.400675+00
1024814618,betrivers,h2h,,,2025-08-29 23:55:11.403452+00
1024803188,betrivers,h2h,,,2025-08-29 23:55:11.407812+00
1022307564,betrivers,h2h,,,2025-08-29 23:55:11.411341+00
1024387796,betrivers,h2h,,,2025-08-29 23:55:11.414637+00
1022037257,betrivers,h2h,,,2025-08-29 23:55:11.418583+00
1022037245,betrivers,h2h,,,2025-08-29 23:55:11.422516+00
1022037256,betrivers,h2h,,,2025-08-29 23:55:11.4284+00
1022037241,betrivers,h2h,,,2025-08-29 23:55:11.432693+00
1022037244,betrivers,h2h,,,2025-08-29 23:55:11.43627+00
1022037238,betrivers,h2h,,,2025-08-29 23:55:11.43889+00
1022037250,betrivers,h2h,,,2025-08-29 23:55:11.444073+00
1024387439,betrivers,h2h,,,2025-08-29 23:55:11.446981+00
1024777705,betrivers,h2h,,,2025-08-29 23:55:20.041974+00
1024110487,betrivers,h2h,,,2025-08-29 23:55:20.054344+00
1024714782,betrivers,h2h,,,2025-08-29 23:55:20.065503+00
1022635843,betrivers,h2h,,,2025-08-29 23:55:20.08669+00
1022706890,betrivers,h2h,,,2025-08-29 23:55:20.149716+00
1024794512,betrivers,h2h,,,2025-08-29 23:55:20.181049+00
1024794857,betrivers,h2h,,,2025-08-29 23:55:20.213175+00
1024794008,betrivers,h2h,,,2025-08-29 23:55:20.271353+00
1024796224,betrivers,h2h,,,2025-08-29 23:55:20.281968+00
1024802819,betrivers,h2h,,,2025-08-29 23:55:20.286451+00
1024790664,betrivers,h2h,,,2025-08-29 23:55:20.292631+00
1024387424,betrivers,h2h,,,2025-08-29 23:55:20.298097+00
1023364183,betrivers,h2h,,,2025-08-29 23:55:20.301449+00
1023418354,betrivers,h2h,,,2025-08-29 23:55:20.306018+00
1024805317,betrivers,h2h,,,2025-08-29 23:55:20.322258+00
1024803221,betrivers,h2h,,,2025-08-29 23:55:20.330705+00
1024806304,betrivers,h2h,,,2025-08-29 23:55:20.336272+00
1024807560,betrivers,h2h,,,2025-08-29 23:55:20.339509+00
1024814618,betrivers,h2h,,,2025-08-29 23:55:20.343638+00
1024803188,betrivers,h2h,,,2025-08-29 23:55:20.347276+00
1022307564,betrivers,h2h,,,2025-08-29 23:55:20.350343+00
1024387796,betrivers,h2h,,,2025-08-29 23:55:20.353829+00
1022037257,betrivers,h2h,,,2025-08-29 23:55:20.358166+00
1022037245,betrivers,h2h,,,2025-08-29 23:55:20.361858+00
1022037256,betrivers,h2h,,,2025-08-29 23:55:20.364691+00
1022037241,betrivers,h2h,,,2025-08-29 23:55:20.367698+00
1022037244,betrivers,h2h,,,2025-08-29 23:55:20.370646+00
1022037238,betrivers,h2h,,,2025-08-29 23:55:20.373567+00
1022037250,betrivers,h2h,,,2025-08-29 23:55:20.379741+00
1024387439,betrivers,h2h,,,2025-08-29 23:55:20.384509+00
1024777705,betrivers,h2h,,,2025-08-29 23:55:21.371573+00
1024110487,betrivers,h2h,,,2025-08-29 23:55:21.378167+00
1024714782,betrivers,h2h,,,2025-08-29 23:55:21.381565+00
1022635843,betrivers,h2h,,,2025-08-29 23:55:21.385914+00
1022706890,betrivers,h2h,,,2025-08-29 23:55:21.392382+00
1024794512,betrivers,h2h,,,2025-08-29 23:55:21.396464+00
1024794857,betrivers,h2h,,,2025-08-29 23:55:21.400639+00
1024794008,betrivers,h2h,,,2025-08-29 23:55:21.40913+00
1024796224,betrivers,h2h,,,2025-08-29 23:55:21.414414+00
1024802819,betrivers,h2h,,,2025-08-29 23:55:21.418541+00
1024790664,betrivers,h2h,,,2025-08-29 23:55:21.42292+00
1024387424,betrivers,h2h,,,2025-08-29 23:55:21.426508+00
1023364183,betrivers,h2h,,,2025-08-29 23:55:21.431542+00
1023418354,betrivers,h2h,,,2025-08-29 23:55:21.438365+00
1024805317,betrivers,h2h,,,2025-08-29 23:55:21.449577+00
1024803221,betrivers,h2h,,,2025-08-29 23:55:21.457726+00
1024806304,betrivers,h2h,,,2025-08-29 23:55:21.466783+00
1024807560,betrivers,h2h,,,2025-08-29 23:55:21.479116+00
1024814618,betrivers,h2h,,,2025-08-29 23:55:21.485537+00
1024803188,betrivers,h2h,,,2025-08-29 23:55:21.493917+00
1022307564,betrivers,h2h,,,2025-08-29 23:55:21.499612+00
1024387796,betrivers,h2h,,,2025-08-29 23:55:21.5043+00
1022037257,betrivers,h2h,,,2025-08-29 23:55:21.509063+00
1022037245,betrivers,h2h,,,2025-08-29 23:55:21.512971+00
1022037256,betrivers,h2h,,,2025-08-29 23:55:21.517209+00
1022037241,betrivers,h2h,,,2025-08-29 23:55:21.521138+00
1022037244,betrivers,h2h,,,2025-08-29 23:55:21.527469+00
1022037238,betrivers,h2h,,,2025-08-29 23:55:21.531358+00
1022037250,betrivers,h2h,,,2025-08-29 23:55:21.537021+00
1024387439,betrivers,h2h,,,2025-08-29 23:55:21.546759+00
1024777705,betrivers,h2h,,,2025-08-29 23:55:28.701288+00
1024110487,betrivers,h2h,,,2025-08-29 23:55:28.707653+00
1024714782,betrivers,h2h,,,2025-08-29 23:55:28.711306+00
1022635843,betrivers,h2h,,,2025-08-29 23:55:28.714924+00
1022706890,betrivers,h2h,,,2025-08-29 23:55:28.721111+00
1024794512,betrivers,h2h,,,2025-08-29 23:55:28.724629+00
1024794857,betrivers,h2h,,,2025-08-29 23:55:28.727741+00
1024794008,betrivers,h2h,,,2025-08-29 23:55:28.730984+00
1024796224,betrivers,h2h,,,2025-08-29 23:55:28.7342+00
1024802819,betrivers,h2h,,,2025-08-29 23:55:28.736692+00
1024790664,betrivers,h2h,,,2025-08-29 23:55:28.739227+00
1024387424,betrivers,h2h,,,2025-08-29 23:55:28.748359+00
1023364183,betrivers,h2h,,,2025-08-29 23:55:28.757571+00
1023418354,betrivers,h2h,,,2025-08-29 23:55:28.76154+00
1024805317,betrivers,h2h,,,2025-08-29 23:55:28.770219+00
1024803221,betrivers,h2h,,,2025-08-29 23:55:28.775545+00
1024806304,betrivers,h2h,,,2025-08-29 23:55:28.778383+00
1024807560,betrivers,h2h,,,2025-08-29 23:55:28.781019+00
1024814618,betrivers,h2h,,,2025-08-29 23:55:28.783806+00
1024803188,betrivers,h2h,,,2025-08-29 23:55:28.786315+00
1022307564,betrivers,h2h,,,2025-08-29 23:55:28.789261+00
1024387796,betrivers,h2h,,,2025-08-29 23:55:28.792273+00
1022037257,betrivers,h2h,,,2025-08-29 23:55:28.794952+00
1022037245,betrivers,h2h,,,2025-08-29 23:55:28.797896+00
1022037256,betrivers,h2h,,,2025-08-29 23:55:28.800673+00
1022037241,betrivers,h2h,,,2025-08-29 23:55:28.803238+00
1022037244,betrivers,h2h,,,2025-08-29 23:55:28.805927+00
1022037238,betrivers,h2h,,,2025-08-29 23:55:28.80898+00
1022037250,betrivers,h2h,,,2025-08-29 23:55:28.813547+00
1024387439,betrivers,h2h,,,2025-08-29 23:55:28.816112+00
1024777705,betrivers,h2h,,,2025-08-29 23:55:33.152069+00
1024110487,betrivers,h2h,,,2025-08-29 23:55:33.158328+00
1024714782,betrivers,h2h,,,2025-08-29 23:55:33.162203+00
1022635843,betrivers,h2h,,,2025-08-29 23:55:33.165281+00
1022706890,betrivers,h2h,,,2025-08-29 23:55:33.170874+00
1024794512,betrivers,h2h,,,2025-08-29 23:55:33.174421+00
1024794857,betrivers,h2h,,,2025-08-29 23:55:33.177974+00
1024794008,betrivers,h2h,,,2025-08-29 23:55:33.181557+00
1024796224,betrivers,h2h,,,2025-08-29 23:55:33.187483+00
1024802819,betrivers,h2h,,,2025-08-29 23:55:33.20334+00
1024790664,betrivers,h2h,,,2025-08-29 23:55:33.207525+00
1024387424,betrivers,h2h,,,2025-08-29 23:55:33.211902+00
1023364183,betrivers,h2h,,,2025-08-29 23:55:33.216533+00
1023418354,betrivers,h2h,,,2025-08-29 23:55:33.220272+00
1024805317,betrivers,h2h,,,2025-08-29 23:55:33.23356+00
1024803221,betrivers,h2h,,,2025-08-29 23:55:33.239505+00
1024806304,betrivers,h2h,,,2025-08-29 23:55:33.242871+00
1024807560,betrivers,h2h,,,2025-08-29 23:55:33.245833+00
1024814618,betrivers,h2h,,,2025-08-29 23:55:33.248923+00
1024803188,betrivers,h2h,,,2025-08-29 23:55:33.251746+00
1022307564,betrivers,h2h,,,2025-08-29 23:55:33.25465+00
1024387796,betrivers,h2h,,,2025-08-29 23:55:33.257515+00
1022037257,betrivers,h2h,,,2025-08-29 23:55:33.261061+00
1022037245,betrivers,h2h,,,2025-08-29 23:55:33.264006+00
1022037256,betrivers,h2h,,,2025-08-29 23:55:33.266886+00
1022037241,betrivers,h2h,,,2025-08-29 23:55:33.2698+00
1022037244,betrivers,h2h,,,2025-08-29 23:55:33.27283+00
1022037238,betrivers,h2h,,,2025-08-29 23:55:33.276137+00
1022037250,betrivers,h2h,,,2025-08-29 23:55:33.281109+00
1024387439,betrivers,h2h,,,2025-08-29 23:55:33.283834+00
1024777705,betrivers,h2h,,,2025-08-29 23:55:36.96671+00
1024110487,betrivers,h2h,,,2025-08-29 23:55:36.97004+00
1024714782,betrivers,h2h,,,2025-08-29 23:55:36.973606+00
1022635843,betrivers,h2h,,,2025-08-29 23:55:36.976248+00
1022706890,betrivers,h2h,,,2025-08-29 23:55:36.980912+00
1024794512,betrivers,h2h,,,2025-08-29 23:55:36.983705+00
1024794857,betrivers,h2h,,,2025-08-29 23:55:36.98672+00
1024794008,betrivers,h2h,,,2025-08-29 23:55:36.989861+00
1024796224,betrivers,h2h,,,2025-08-29 23:55:36.993508+00
1024802819,betrivers,h2h,,,2025-08-29 23:55:36.996817+00
1024790664,betrivers,h2h,,,2025-08-29 23:55:37.000191+00
1024387424,betrivers,h2h,,,2025-08-29 23:55:37.002973+00
1023364183,betrivers,h2h,,,2025-08-29 23:55:37.019652+00
1023418354,betrivers,h2h,,,2025-08-29 23:55:37.042374+00
1024805317,betrivers,h2h,,,2025-08-29 23:55:37.077774+00
1024803221,betrivers,h2h,,,2025-08-29 23:55:37.089861+00
1024806304,betrivers,h2h,,,2025-08-29 23:55:37.100145+00
1024807560,betrivers,h2h,,,2025-08-29 23:55:37.108382+00
1024814618,betrivers,h2h,,,2025-08-29 23:55:37.113103+00
1024803188,betrivers,h2h,,,2025-08-29 23:55:37.116458+00
1022307564,betrivers,h2h,,,2025-08-29 23:55:37.11987+00
1024387796,betrivers,h2h,,,2025-08-29 23:55:37.123149+00
1022037257,betrivers,h2h,,,2025-08-29 23:55:37.128314+00
1022037245,betrivers,h2h,,,2025-08-29 23:55:37.136025+00
1022037256,betrivers,h2h,,,2025-08-29 23:55:37.13902+00
1022037241,betrivers,h2h,,,2025-08-29 23:55:37.141524+00
1022037244,betrivers,h2h,,,2025-08-29 23:55:37.144452+00
1022037238,betrivers,h2h,,,2025-08-29 23:55:37.147244+00
1022037250,betrivers,h2h,,,2025-08-29 23:55:37.151226+00
1024106982,betrivers,h2h,,,2025-08-29 23:55:37.155924+00
1024387439,betrivers,h2h,,,2025-08-29 23:55:37.159063+00
1024777705,betrivers,h2h,,,2025-08-29 23:55:44.982162+00
1024110487,betrivers,h2h,,,2025-08-29 23:55:44.989064+00
1024714782,betrivers,h2h,,,2025-08-29 23:55:44.992268+00
1022635843,betrivers,h2h,,,2025-08-29 23:55:44.996857+00
1022706890,betrivers,h2h,,,2025-08-29 23:55:45.003364+00
1024794512,betrivers,h2h,,,2025-08-29 23:55:45.019221+00
1024794857,betrivers,h2h,,,2025-08-29 23:55:45.022656+00
1024794008,betrivers,h2h,,,2025-08-29 23:55:45.026275+00
1024796224,betrivers,h2h,,,2025-08-29 23:55:45.029844+00
1024802819,betrivers,h2h,,,2025-08-29 23:55:45.033691+00
1024790664,betrivers,h2h,,,2025-08-29 23:55:45.036955+00
1024387424,betrivers,h2h,,,2025-08-29 23:55:45.043366+00
1023364183,betrivers,h2h,,,2025-08-29 23:55:45.063204+00
1023418354,betrivers,h2h,,,2025-08-29 23:55:45.072265+00
1024805317,betrivers,h2h,,,2025-08-29 23:55:45.085883+00
1024803221,betrivers,h2h,,,2025-08-29 23:55:45.091012+00
1024806304,betrivers,h2h,,,2025-08-29 23:55:45.095622+00
1024807560,betrivers,h2h,,,2025-08-29 23:55:45.099631+00
1024814618,betrivers,h2h,,,2025-08-29 23:55:45.104288+00
1024803188,betrivers,h2h,,,2025-08-29 23:55:45.110567+00
1022307564,betrivers,h2h,,,2025-08-29 23:55:45.120673+00
1024387796,betrivers,h2h,,,2025-08-29 23:55:45.124447+00
1022037257,betrivers,h2h,,,2025-08-29 23:55:45.128465+00
1022037245,betrivers,h2h,,,2025-08-29 23:55:45.132117+00
1022037256,betrivers,h2h,,,2025-08-29 23:55:45.135445+00
1022037241,betrivers,h2h,,,2025-08-29 23:55:45.137952+00
1022037244,betrivers,h2h,,,2025-08-29 23:55:45.14157+00
1022037238,betrivers,h2h,,,2025-08-29 23:55:45.144575+00
1022037250,betrivers,h2h,,,2025-08-29 23:55:45.149339+00
1024106982,betrivers,h2h,,,2025-08-29 23:55:45.153663+00
1022706904,betrivers,h2h,,,2025-08-29 23:55:45.156719+00
1024387439,betrivers,h2h,,,2025-08-29 23:55:45.159321+00
1024777705,betrivers,h2h,,,2025-08-29 23:55:45.164331+00
1024110487,betrivers,h2h,,,2025-08-29 23:55:45.168519+00
1024714782,betrivers,h2h,,,2025-08-29 23:55:45.171852+00
1022635843,betrivers,h2h,,,2025-08-29 23:55:45.174963+00
1022706890,betrivers,h2h,,,2025-08-29 23:55:45.179897+00
1024794512,betrivers,h2h,,,2025-08-29 23:55:45.182753+00
1024794857,betrivers,h2h,,,2025-08-29 23:55:45.185397+00
1024794008,betrivers,h2h,,,2025-08-29 23:55:45.188115+00
1024796224,betrivers,h2h,,,2025-08-29 23:55:45.191039+00
1024802819,betrivers,h2h,,,2025-08-29 23:55:45.194098+00
1024790664,betrivers,h2h,,,2025-08-29 23:55:45.197728+00
1024387424,betrivers,h2h,,,2025-08-29 23:55:45.200919+00
1023364183,betrivers,h2h,,,2025-08-29 23:55:45.203952+00
1023418354,betrivers,h2h,,,2025-08-29 23:55:45.207011+00
1024805317,betrivers,h2h,,,2025-08-29 23:55:45.215527+00
1024803221,betrivers,h2h,,,2025-08-29 23:55:45.220082+00
1024806304,betrivers,h2h,,,2025-08-29 23:55:45.222956+00
1024807560,betrivers,h2h,,,2025-08-29 23:55:45.22645+00
1024814618,betrivers,h2h,,,2025-08-29 23:55:45.229399+00
1024803188,betrivers,h2h,,,2025-08-29 23:55:45.232083+00
1022307564,betrivers,h2h,,,2025-08-29 23:55:45.234616+00
1024387796,betrivers,h2h,,,2025-08-29 23:55:45.237246+00
1022037257,betrivers,h2h,,,2025-08-29 23:55:45.240047+00
1022037245,betrivers,h2h,,,2025-08-29 23:55:45.242451+00
1022037256,betrivers,h2h,,,2025-08-29 23:55:45.244879+00
1022037241,betrivers,h2h,,,2025-08-29 23:55:45.248402+00
1022037244,betrivers,h2h,,,2025-08-29 23:55:45.25153+00
1022037238,betrivers,h2h,,,2025-08-29 23:55:45.254611+00
1022037250,betrivers,h2h,,,2025-08-29 23:55:45.26006+00
1024106982,betrivers,h2h,,,2025-08-29 23:55:45.263457+00
1022706904,betrivers,h2h,,,2025-08-29 23:55:45.266437+00
1024387439,betrivers,h2h,,,2025-08-29 23:55:45.269534+00
1024777705,betrivers,h2h,,,2025-08-29 23:55:53.386026+00
1024110487,betrivers,h2h,,,2025-08-29 23:55:53.389848+00
1024714782,betrivers,h2h,,,2025-08-29 23:55:53.393041+00
1022635843,betrivers,h2h,,,2025-08-29 23:55:53.396087+00
1022706890,betrivers,h2h,,,2025-08-29 23:55:53.401838+00
1024794512,betrivers,h2h,,,2025-08-29 23:55:53.406027+00
1024794857,betrivers,h2h,,,2025-08-29 23:55:53.40938+00
1024794008,betrivers,h2h,,,2025-08-29 23:55:53.413415+00
1024796224,betrivers,h2h,,,2025-08-29 23:55:53.416795+00
1024802819,betrivers,h2h,,,2025-08-29 23:55:53.421519+00
1024790664,betrivers,h2h,,,2025-08-29 23:55:53.424281+00
1024387424,betrivers,h2h,,,2025-08-29 23:55:53.426771+00
1023364183,betrivers,h2h,,,2025-08-29 23:55:53.429659+00
1023418354,betrivers,h2h,,,2025-08-29 23:55:53.433189+00
1024805317,betrivers,h2h,,,2025-08-29 23:55:53.442331+00
1024803221,betrivers,h2h,,,2025-08-29 23:55:53.447535+00
1024806304,betrivers,h2h,,,2025-08-29 23:55:53.450929+00
1024807560,betrivers,h2h,,,2025-08-29 23:55:53.454785+00
1024814618,betrivers,h2h,,,2025-08-29 23:55:53.457735+00
1024803188,betrivers,h2h,,,2025-08-29 23:55:53.460818+00
1022307564,betrivers,h2h,,,2025-08-29 23:55:53.464021+00
1024387796,betrivers,h2h,,,2025-08-29 23:55:53.467269+00
1022037257,betrivers,h2h,,,2025-08-29 23:55:53.4706+00
1022037245,betrivers,h2h,,,2025-08-29 23:55:53.473794+00
1022037256,betrivers,h2h,,,2025-08-29 23:55:53.476662+00
1022037241,betrivers,h2h,,,2025-08-29 23:55:53.479362+00
1022037244,betrivers,h2h,,,2025-08-29 23:55:53.482297+00
1022037238,betrivers,h2h,,,2025-08-29 23:55:53.485745+00
1022037250,betrivers,h2h,,,2025-08-29 23:55:53.490503+00
1024106982,betrivers,h2h,,,2025-08-29 23:55:53.493763+00
1022636365,betrivers,h2h,,,2025-08-29 23:55:53.497115+00
1022706904,betrivers,h2h,,,2025-08-29 23:55:53.501291+00
1024387439,betrivers,h2h,,,2025-08-29 23:55:53.504337+00
1024777705,betrivers,h2h,,,2025-08-29 23:55:56.640996+00
1024110487,betrivers,h2h,,,2025-08-29 23:55:56.646109+00
1024714782,betrivers,h2h,,,2025-08-29 23:55:56.649598+00
1022635843,betrivers,h2h,,,2025-08-29 23:55:56.652649+00
1022706890,betrivers,h2h,,,2025-08-29 23:55:56.658441+00
1024794512,betrivers,h2h,,,2025-08-29 23:55:56.661887+00
1024794857,betrivers,h2h,,,2025-08-29 23:55:56.664757+00
1024794008,betrivers,h2h,,,2025-08-29 23:55:56.667865+00
1024796224,betrivers,h2h,,,2025-08-29 23:55:56.671252+00
1024802819,betrivers,h2h,,,2025-08-29 23:55:56.674246+00
1024790664,betrivers,h2h,,,2025-08-29 23:55:56.677135+00
1024387424,betrivers,h2h,,,2025-08-29 23:55:56.68011+00
1023364183,betrivers,h2h,,,2025-08-29 23:55:56.683626+00
1023418354,betrivers,h2h,,,2025-08-29 23:55:56.686766+00
1024805317,betrivers,h2h,,,2025-08-29 23:55:56.694717+00
1024803221,betrivers,h2h,,,2025-08-29 23:55:56.699124+00
1024806304,betrivers,h2h,,,2025-08-29 23:55:56.701572+00
1024807560,betrivers,h2h,,,2025-08-29 23:55:56.704215+00
1024814618,betrivers,h2h,,,2025-08-29 23:55:56.706739+00
1024803188,betrivers,h2h,,,2025-08-29 23:55:56.709415+00
1022307564,betrivers,h2h,,,2025-08-29 23:55:56.712051+00
1024387796,betrivers,h2h,,,2025-08-29 23:55:56.715453+00
1022037257,betrivers,h2h,,,2025-08-29 23:55:56.718054+00
1022037245,betrivers,h2h,,,2025-08-29 23:55:56.720914+00
1022037256,betrivers,h2h,,,2025-08-29 23:55:56.723691+00
1022037241,betrivers,h2h,,,2025-08-29 23:55:56.726704+00
1022037244,betrivers,h2h,,,2025-08-29 23:55:56.729467+00
1022037238,betrivers,h2h,,,2025-08-29 23:55:56.731823+00
1022037250,betrivers,h2h,,,2025-08-29 23:55:56.736524+00
1024106982,betrivers,h2h,,,2025-08-29 23:55:56.739179+00
1022636365,betrivers,h2h,,,2025-08-29 23:55:56.741816+00
1022706904,betrivers,h2h,,,2025-08-29 23:55:56.744572+00
1024387439,betrivers,h2h,,,2025-08-29 23:55:56.74757+00
1024777705,betrivers,h2h,,,2025-08-29 23:56:01.631748+00
1024110487,betrivers,h2h,,,2025-08-29 23:56:01.635025+00
1024714782,betrivers,h2h,,,2025-08-29 23:56:01.638118+00
1022635843,betrivers,h2h,,,2025-08-29 23:56:01.641212+00
1022706890,betrivers,h2h,,,2025-08-29 23:56:01.646385+00
1024794512,betrivers,h2h,,,2025-08-29 23:56:01.649501+00
1024794857,betrivers,h2h,,,2025-08-29 23:56:01.652184+00
1024794008,betrivers,h2h,,,2025-08-29 23:56:01.654909+00
1024796224,betrivers,h2h,,,2025-08-29 23:56:01.658378+00
1024802819,betrivers,h2h,,,2025-08-29 23:56:01.66215+00
1024790664,betrivers,h2h,,,2025-08-29 23:56:01.665048+00
1024387424,betrivers,h2h,,,2025-08-29 23:56:01.667634+00
1023364183,betrivers,h2h,,,2025-08-29 23:56:01.670454+00
1023418354,betrivers,h2h,,,2025-08-29 23:56:01.673452+00
1024805317,betrivers,h2h,,,2025-08-29 23:56:01.682158+00
1024803221,betrivers,h2h,,,2025-08-29 23:56:01.686975+00
1024806304,betrivers,h2h,,,2025-08-29 23:56:01.690277+00
1024807560,betrivers,h2h,,,2025-08-29 23:56:01.6936+00
1024814618,betrivers,h2h,,,2025-08-29 23:56:01.697495+00
1024803188,betrivers,h2h,,,2025-08-29 23:56:01.700511+00
1022307564,betrivers,h2h,,,2025-08-29 23:56:01.703129+00
1024387796,betrivers,h2h,,,2025-08-29 23:56:01.70573+00
1022037257,betrivers,h2h,,,2025-08-29 23:56:01.70919+00
1022037245,betrivers,h2h,,,2025-08-29 23:56:01.712046+00
1022037256,betrivers,h2h,,,2025-08-29 23:56:01.714797+00
1022037241,betrivers,h2h,,,2025-08-29 23:56:01.717487+00
1022037244,betrivers,h2h,,,2025-08-29 23:56:01.720156+00
1022037238,betrivers,h2h,,,2025-08-29 23:56:01.72287+00
1022037250,betrivers,h2h,,,2025-08-29 23:56:01.727432+00
1024106982,betrivers,h2h,,,2025-08-29 23:56:01.730053+00
1022636365,betrivers,h2h,,,2025-08-29 23:56:01.732608+00
1022706904,betrivers,h2h,,,2025-08-29 23:56:01.735218+00
1024036675,betrivers,h2h,,,2025-08-29 23:56:01.737946+00
1024387439,betrivers,h2h,,,2025-08-29 23:56:01.741184+00
1024777705,betrivers,h2h,,,2025-08-29 23:56:08.344431+00
1024110487,betrivers,h2h,,,2025-08-29 23:56:08.349531+00
1024714782,betrivers,h2h,,,2025-08-29 23:56:08.352854+00
1022635843,betrivers,h2h,,,2025-08-29 23:56:08.356129+00
1022706890,betrivers,h2h,,,2025-08-29 23:56:08.361131+00
1024794512,betrivers,h2h,,,2025-08-29 23:56:08.364287+00
1024794857,betrivers,h2h,,,2025-08-29 23:56:08.36733+00
1024794008,betrivers,h2h,,,2025-08-29 23:56:08.370002+00
1024796224,betrivers,h2h,,,2025-08-29 23:56:08.372676+00
1024802819,betrivers,h2h,,,2025-08-29 23:56:08.375504+00
1024790664,betrivers,h2h,,,2025-08-29 23:56:08.378253+00
1024387424,betrivers,h2h,,,2025-08-29 23:56:08.381233+00
1023364183,betrivers,h2h,,,2025-08-29 23:56:08.383901+00
1023418354,betrivers,h2h,,,2025-08-29 23:56:08.38642+00
1024805317,betrivers,h2h,,,2025-08-29 23:56:08.393791+00
1024803221,betrivers,h2h,,,2025-08-29 23:56:08.397951+00
1024806304,betrivers,h2h,,,2025-08-29 23:56:08.400434+00
1024807560,betrivers,h2h,,,2025-08-29 23:56:08.402807+00
1024814618,betrivers,h2h,,,2025-08-29 23:56:08.405249+00
1024803188,betrivers,h2h,,,2025-08-29 23:56:08.407797+00
1022307564,betrivers,h2h,,,2025-08-29 23:56:08.410542+00
1024387796,betrivers,h2h,,,2025-08-29 23:56:08.413065+00
1022037257,betrivers,h2h,,,2025-08-29 23:56:08.416038+00
1022037245,betrivers,h2h,,,2025-08-29 23:56:08.418289+00
1022037256,betrivers,h2h,,,2025-08-29 23:56:08.421056+00
1022037241,betrivers,h2h,,,2025-08-29 23:56:08.423497+00
1022037244,betrivers,h2h,,,2025-08-29 23:56:08.425899+00
1022037238,betrivers,h2h,,,2025-08-29 23:56:08.428418+00
1022037250,betrivers,h2h,,,2025-08-29 23:56:08.432005+00
1024106982,betrivers,h2h,,,2025-08-29 23:56:08.434592+00
1022636365,betrivers,h2h,,,2025-08-29 23:56:08.4375+00
1022706904,betrivers,h2h,,,2025-08-29 23:56:08.439996+00
1024036675,betrivers,h2h,,,2025-08-29 23:56:08.442318+00
1024387439,betrivers,h2h,,,2025-08-29 23:56:08.444997+00
1024777705,betrivers,h2h,,,2025-08-29 23:56:09.762383+00
1024110487,betrivers,h2h,,,2025-08-29 23:56:09.765501+00
1024714782,betrivers,h2h,,,2025-08-29 23:56:09.768191+00
1022635843,betrivers,h2h,,,2025-08-29 23:56:09.771822+00
1022706890,betrivers,h2h,,,2025-08-29 23:56:09.777518+00
1024794512,betrivers,h2h,,,2025-08-29 23:56:09.781144+00
1024794857,betrivers,h2h,,,2025-08-29 23:56:09.784315+00
1024794008,betrivers,h2h,,,2025-08-29 23:56:09.786866+00
1024796224,betrivers,h2h,,,2025-08-29 23:56:09.789753+00
1024802819,betrivers,h2h,,,2025-08-29 23:56:09.793073+00
1024790664,betrivers,h2h,,,2025-08-29 23:56:09.795885+00
1024387424,betrivers,h2h,,,2025-08-29 23:56:09.798298+00
1023364183,betrivers,h2h,,,2025-08-29 23:56:09.801407+00
1023418354,betrivers,h2h,,,2025-08-29 23:56:09.803773+00
1024805317,betrivers,h2h,,,2025-08-29 23:56:09.811517+00
1024803221,betrivers,h2h,,,2025-08-29 23:56:09.815657+00
1024806304,betrivers,h2h,,,2025-08-29 23:56:09.818275+00
1024807560,betrivers,h2h,,,2025-08-29 23:56:09.820654+00
1024814618,betrivers,h2h,,,2025-08-29 23:56:09.823124+00
1024803188,betrivers,h2h,,,2025-08-29 23:56:09.825749+00
1022307564,betrivers,h2h,,,2025-08-29 23:56:09.82846+00
1024387796,betrivers,h2h,,,2025-08-29 23:56:09.830816+00
1022037257,betrivers,h2h,,,2025-08-29 23:56:09.833404+00
1022037245,betrivers,h2h,,,2025-08-29 23:56:09.835697+00
1022037256,betrivers,h2h,,,2025-08-29 23:56:09.838149+00
1022037241,betrivers,h2h,,,2025-08-29 23:56:09.840802+00
1022037244,betrivers,h2h,,,2025-08-29 23:56:09.843335+00
1022037238,betrivers,h2h,,,2025-08-29 23:56:09.845518+00
1022037250,betrivers,h2h,,,2025-08-29 23:56:09.850487+00
1024106982,betrivers,h2h,,,2025-08-29 23:56:09.852865+00
1022636365,betrivers,h2h,,,2025-08-29 23:56:09.855331+00
1022706904,betrivers,h2h,,,2025-08-29 23:56:09.858189+00
1024036675,betrivers,h2h,,,2025-08-29 23:56:09.860546+00
1024387439,betrivers,h2h,,,2025-08-29 23:56:09.862881+00
1024777705,betrivers,h2h,,,2025-08-29 23:56:18.468902+00
1024110487,betrivers,h2h,,,2025-08-29 23:56:18.473992+00
1024714782,betrivers,h2h,,,2025-08-29 23:56:18.478297+00
1022635843,betrivers,h2h,,,2025-08-29 23:56:18.482205+00
1022706890,betrivers,h2h,,,2025-08-29 23:56:18.488423+00
1024794512,betrivers,h2h,,,2025-08-29 23:56:18.49199+00
1024794857,betrivers,h2h,,,2025-08-29 23:56:18.495656+00
1024794008,betrivers,h2h,,,2025-08-29 23:56:18.498589+00
1024796224,betrivers,h2h,,,2025-08-29 23:56:18.501299+00
1024802819,betrivers,h2h,,,2025-08-29 23:56:18.503787+00
1024790664,betrivers,h2h,,,2025-08-29 23:56:18.507018+00
1024387424,betrivers,h2h,,,2025-08-29 23:56:18.510143+00
1023364183,betrivers,h2h,,,2025-08-29 23:56:18.514002+00
1023418354,betrivers,h2h,,,2025-08-29 23:56:18.516549+00
1024805317,betrivers,h2h,,,2025-08-29 23:56:18.524049+00
1024803221,betrivers,h2h,,,2025-08-29 23:56:18.528385+00
1024806304,betrivers,h2h,,,2025-08-29 23:56:18.530886+00
1024807560,betrivers,h2h,,,2025-08-29 23:56:18.533535+00
1024814618,betrivers,h2h,,,2025-08-29 23:56:18.536326+00
1024803188,betrivers,h2h,,,2025-08-29 23:56:18.538749+00
1022307564,betrivers,h2h,,,2025-08-29 23:56:18.54135+00
1024387796,betrivers,h2h,,,2025-08-29 23:56:18.543662+00
1022037257,betrivers,h2h,,,2025-08-29 23:56:18.546187+00
1022037245,betrivers,h2h,,,2025-08-29 23:56:18.548736+00
1022037256,betrivers,h2h,,,2025-08-29 23:56:18.551483+00
1022037241,betrivers,h2h,,,2025-08-29 23:56:18.556635+00
1022037244,betrivers,h2h,,,2025-08-29 23:56:18.559714+00
1022037238,betrivers,h2h,,,2025-08-29 23:56:18.564162+00
1022037250,betrivers,h2h,,,2025-08-29 23:56:18.568783+00
1024106982,betrivers,h2h,,,2025-08-29 23:56:18.57165+00
1022636365,betrivers,h2h,,,2025-08-29 23:56:18.574411+00
1022706904,betrivers,h2h,,,2025-08-29 23:56:18.577491+00
1024036675,betrivers,h2h,,,2025-08-29 23:56:18.581743+00
1024387439,betrivers,h2h,,,2025-08-29 23:56:18.584719+00
1024777705,betrivers,h2h,,,2025-08-29 23:56:19.481556+00
1024110487,betrivers,h2h,,,2025-08-29 23:56:19.484913+00
1024714782,betrivers,h2h,,,2025-08-29 23:56:19.488385+00
1022635843,betrivers,h2h,,,2025-08-29 23:56:19.491198+00
1022706890,betrivers,h2h,,,2025-08-29 23:56:19.500041+00
1024794512,betrivers,h2h,,,2025-08-29 23:56:19.504644+00
1024794857,betrivers,h2h,,,2025-08-29 23:56:19.507443+00
1024794008,betrivers,h2h,,,2025-08-29 23:56:19.510057+00
1024796224,betrivers,h2h,,,2025-08-29 23:56:19.512419+00
1024802819,betrivers,h2h,,,2025-08-29 23:56:19.514836+00
1024790664,betrivers,h2h,,,2025-08-29 23:56:19.518067+00
1024387424,betrivers,h2h,,,2025-08-29 23:56:19.521367+00
1023364183,betrivers,h2h,,,2025-08-29 23:56:19.524671+00
1023418354,betrivers,h2h,,,2025-08-29 23:56:19.528951+00
1024805317,betrivers,h2h,,,2025-08-29 23:56:19.538951+00
1024803221,betrivers,h2h,,,2025-08-29 23:56:19.543199+00
1024806304,betrivers,h2h,,,2025-08-29 23:56:19.545577+00
1024807560,betrivers,h2h,,,2025-08-29 23:56:19.548031+00
1024814618,betrivers,h2h,,,2025-08-29 23:56:19.550446+00
1024803188,betrivers,h2h,,,2025-08-29 23:56:19.552952+00
1022307564,betrivers,h2h,,,2025-08-29 23:56:19.555718+00
1024387796,betrivers,h2h,,,2025-08-29 23:56:19.558331+00
1022037257,betrivers,h2h,,,2025-08-29 23:56:19.560977+00
1022037245,betrivers,h2h,,,2025-08-29 23:56:19.563247+00
1022037256,betrivers,h2h,,,2025-08-29 23:56:19.565748+00
1022037241,betrivers,h2h,,,2025-08-29 23:56:19.568233+00
1022037244,betrivers,h2h,,,2025-08-29 23:56:19.570511+00
1022037238,betrivers,h2h,,,2025-08-29 23:56:19.573214+00
1022037250,betrivers,h2h,,,2025-08-29 23:56:19.577875+00
1024106982,betrivers,h2h,,,2025-08-29 23:56:19.58053+00
1022636365,betrivers,h2h,,,2025-08-29 23:56:19.582984+00
1022706904,betrivers,h2h,,,2025-08-29 23:56:19.58538+00
1024036675,betrivers,h2h,,,2025-08-29 23:56:19.587711+00
1024387439,betrivers,h2h,,,2025-08-29 23:56:19.590233+00
1024777705,betrivers,h2h,,,2025-08-29 23:56:26.81434+00
1024110487,betrivers,h2h,,,2025-08-29 23:56:26.817374+00
1024714782,betrivers,h2h,,,2025-08-29 23:56:26.820389+00
1022635843,betrivers,h2h,,,2025-08-29 23:56:26.822968+00
1022706890,betrivers,h2h,,,2025-08-29 23:56:26.827455+00
1024794512,betrivers,h2h,,,2025-08-29 23:56:26.830066+00
1024794857,betrivers,h2h,,,2025-08-29 23:56:26.833374+00
1024794008,betrivers,h2h,,,2025-08-29 23:56:26.836948+00
1024796224,betrivers,h2h,,,2025-08-29 23:56:26.83968+00
1024802819,betrivers,h2h,,,2025-08-29 23:56:26.84187+00
1024790664,betrivers,h2h,,,2025-08-29 23:56:26.844172+00
1024387424,betrivers,h2h,,,2025-08-29 23:56:26.84658+00
1023364183,betrivers,h2h,,,2025-08-29 23:56:26.848864+00
1023418354,betrivers,h2h,,,2025-08-29 23:56:26.851202+00
1024805317,betrivers,h2h,,,2025-08-29 23:56:26.859084+00
1024803221,betrivers,h2h,,,2025-08-29 23:56:26.863013+00
1024806304,betrivers,h2h,,,2025-08-29 23:56:26.865762+00
1024807560,betrivers,h2h,,,2025-08-29 23:56:26.868754+00
1024814618,betrivers,h2h,,,2025-08-29 23:56:26.871578+00
1024803188,betrivers,h2h,,,2025-08-29 23:56:26.874068+00
1022307564,betrivers,h2h,,,2025-08-29 23:56:26.877235+00
1024387796,betrivers,h2h,,,2025-08-29 23:56:26.87997+00
1022037257,betrivers,h2h,,,2025-08-29 23:56:26.882463+00
1022037245,betrivers,h2h,,,2025-08-29 23:56:26.885861+00
1022037256,betrivers,h2h,,,2025-08-29 23:56:26.889427+00
1022037241,betrivers,h2h,,,2025-08-29 23:56:26.892695+00
1022037244,betrivers,h2h,,,2025-08-29 23:56:26.895603+00
1022037238,betrivers,h2h,,,2025-08-29 23:56:26.898447+00
1022037250,betrivers,h2h,,,2025-08-29 23:56:26.903293+00
1024106982,betrivers,h2h,,,2025-08-29 23:56:26.906222+00
1022636365,betrivers,h2h,,,2025-08-29 23:56:26.90935+00
1022706904,betrivers,h2h,,,2025-08-29 23:56:26.912261+00
1023523372,betrivers,h2h,,,2025-08-29 23:56:26.915166+00
1024036675,betrivers,h2h,,,2025-08-29 23:56:26.918793+00
1024387439,betrivers,h2h,,,2025-08-29 23:56:26.921278+00
1024777705,betrivers,h2h,,,2025-08-29 23:56:31.11884+00
1024110487,betrivers,h2h,,,2025-08-29 23:56:31.122332+00
1024714782,betrivers,h2h,,,2025-08-29 23:56:31.125798+00
1022635843,betrivers,h2h,,,2025-08-29 23:56:31.128526+00
1022706890,betrivers,h2h,,,2025-08-29 23:56:31.132907+00
1024794512,betrivers,h2h,,,2025-08-29 23:56:31.135291+00
1024794857,betrivers,h2h,,,2025-08-29 23:56:31.137794+00
1024794008,betrivers,h2h,,,2025-08-29 23:56:31.140661+00
1024796224,betrivers,h2h,,,2025-08-29 23:56:31.144104+00
1024802819,betrivers,h2h,,,2025-08-29 23:56:31.146962+00
1024790664,betrivers,h2h,,,2025-08-29 23:56:31.150728+00
1024387424,betrivers,h2h,,,2025-08-29 23:56:31.153723+00
1023364183,betrivers,h2h,,,2025-08-29 23:56:31.156249+00
1023418354,betrivers,h2h,,,2025-08-29 23:56:31.159031+00
1024805317,betrivers,h2h,,,2025-08-29 23:56:31.167709+00
1024803221,betrivers,h2h,,,2025-08-29 23:56:31.173069+00
1024806304,betrivers,h2h,,,2025-08-29 23:56:31.175657+00
1024807560,betrivers,h2h,,,2025-08-29 23:56:31.178573+00
1024814618,betrivers,h2h,,,2025-08-29 23:56:31.182516+00
1024803188,betrivers,h2h,,,2025-08-29 23:56:31.185191+00
1022307564,betrivers,h2h,,,2025-08-29 23:56:31.187902+00
1024387796,betrivers,h2h,,,2025-08-29 23:56:31.191181+00
1022037257,betrivers,h2h,,,2025-08-29 23:56:31.193943+00
1022037245,betrivers,h2h,,,2025-08-29 23:56:31.196789+00
1022037256,betrivers,h2h,,,2025-08-29 23:56:31.19952+00
1022037241,betrivers,h2h,,,2025-08-29 23:56:31.202278+00
1022037244,betrivers,h2h,,,2025-08-29 23:56:31.204853+00
1022037238,betrivers,h2h,,,2025-08-29 23:56:31.207377+00
1022037250,betrivers,h2h,,,2025-08-29 23:56:31.211801+00
1024106982,betrivers,h2h,,,2025-08-29 23:56:31.214888+00
1022636365,betrivers,h2h,,,2025-08-29 23:56:31.217754+00
1022706904,betrivers,h2h,,,2025-08-29 23:56:31.221068+00
1023523372,betrivers,h2h,,,2025-08-29 23:56:31.224015+00
1024036675,betrivers,h2h,,,2025-08-29 23:56:31.226692+00
1024387439,betrivers,h2h,,,2025-08-29 23:56:31.229444+00
1024777705,betrivers,h2h,,,2025-08-29 23:56:35.132458+00
1024110487,betrivers,h2h,,,2025-08-29 23:56:35.135972+00
1024714782,betrivers,h2h,,,2025-08-29 23:56:35.140119+00
1022635843,betrivers,h2h,,,2025-08-29 23:56:35.14293+00
1022706890,betrivers,h2h,,,2025-08-29 23:56:35.147975+00
1024794512,betrivers,h2h,,,2025-08-29 23:56:35.150968+00
1024794857,betrivers,h2h,,,2025-08-29 23:56:35.15381+00
1024794008,betrivers,h2h,,,2025-08-29 23:56:35.15655+00
1024796224,betrivers,h2h,,,2025-08-29 23:56:35.159403+00
1024802819,betrivers,h2h,,,2025-08-29 23:56:35.162311+00
1024790664,betrivers,h2h,,,2025-08-29 23:56:35.165544+00
1024387424,betrivers,h2h,,,2025-08-29 23:56:35.1684+00
1023364183,betrivers,h2h,,,2025-08-29 23:56:35.171167+00
1023418354,betrivers,h2h,,,2025-08-29 23:56:35.1737+00
1024805317,betrivers,h2h,,,2025-08-29 23:56:35.181685+00
1024803221,betrivers,h2h,,,2025-08-29 23:56:35.186195+00
1024806304,betrivers,h2h,,,2025-08-29 23:56:35.188859+00
1024807560,betrivers,h2h,,,2025-08-29 23:56:35.191614+00
1024814618,betrivers,h2h,,,2025-08-29 23:56:35.194847+00
1024803188,betrivers,h2h,,,2025-08-29 23:56:35.197547+00
1022307564,betrivers,h2h,,,2025-08-29 23:56:35.200071+00
1024387796,betrivers,h2h,,,2025-08-29 23:56:35.202681+00
1022037257,betrivers,h2h,,,2025-08-29 23:56:35.205021+00
1022037245,betrivers,h2h,,,2025-08-29 23:56:35.212407+00
1022037256,betrivers,h2h,,,2025-08-29 23:56:35.215887+00
1022037241,betrivers,h2h,,,2025-08-29 23:56:35.218843+00
1022037244,betrivers,h2h,,,2025-08-29 23:56:35.222053+00
1022037238,betrivers,h2h,,,2025-08-29 23:56:35.225051+00
1022037250,betrivers,h2h,,,2025-08-29 23:56:35.230005+00
1024106982,betrivers,h2h,,,2025-08-29 23:56:35.232901+00
1022636365,betrivers,h2h,,,2025-08-29 23:56:35.235677+00
1022706904,betrivers,h2h,,,2025-08-29 23:56:35.238337+00
1023523372,betrivers,h2h,,,2025-08-29 23:56:35.240816+00
1024036675,betrivers,h2h,,,2025-08-29 23:56:35.243471+00
1024387439,betrivers,h2h,,,2025-08-29 23:56:35.246557+00
1024777705,betrivers,h2h,,,2025-08-29 23:56:42.757045+00
1024110487,betrivers,h2h,,,2025-08-29 23:56:42.760429+00
1024714782,betrivers,h2h,,,2025-08-29 23:56:42.763271+00
1022635843,betrivers,h2h,,,2025-08-29 23:56:42.766215+00
1022706890,betrivers,h2h,,,2025-08-29 23:56:42.771243+00
1024794512,betrivers,h2h,,,2025-08-29 23:56:42.773964+00
1024794857,betrivers,h2h,,,2025-08-29 23:56:42.776789+00
1024794008,betrivers,h2h,,,2025-08-29 23:56:42.780015+00
1024796224,betrivers,h2h,,,2025-08-29 23:56:42.782596+00
1024802819,betrivers,h2h,,,2025-08-29 23:56:42.785569+00
1024790664,betrivers,h2h,,,2025-08-29 23:56:42.788194+00
1024387424,betrivers,h2h,,,2025-08-29 23:56:42.791593+00
1023364183,betrivers,h2h,,,2025-08-29 23:56:42.794151+00
1023418354,betrivers,h2h,,,2025-08-29 23:56:42.796762+00
1024805317,betrivers,h2h,,,2025-08-29 23:56:42.804691+00
1024803221,betrivers,h2h,,,2025-08-29 23:56:42.810216+00
1024806304,betrivers,h2h,,,2025-08-29 23:56:42.813148+00
1024807560,betrivers,h2h,,,2025-08-29 23:56:42.815809+00
1024814618,betrivers,h2h,,,2025-08-29 23:56:42.818609+00
1024803188,betrivers,h2h,,,2025-08-29 23:56:42.821156+00
1022307564,betrivers,h2h,,,2025-08-29 23:56:42.823806+00
1024387796,betrivers,h2h,,,2025-08-29 23:56:42.827126+00
1022037257,betrivers,h2h,,,2025-08-29 23:56:42.82957+00
1022037245,betrivers,h2h,,,2025-08-29 23:56:42.832028+00
1022037256,betrivers,h2h,,,2025-08-29 23:56:42.834578+00
1022037241,betrivers,h2h,,,2025-08-29 23:56:42.83814+00
1022037244,betrivers,h2h,,,2025-08-29 23:56:42.84102+00
1022037238,betrivers,h2h,,,2025-08-29 23:56:42.843637+00
1022037250,betrivers,h2h,,,2025-08-29 23:56:42.847381+00
1024106982,betrivers,h2h,,,2025-08-29 23:56:42.84969+00
1022636365,betrivers,h2h,,,2025-08-29 23:56:42.852088+00
1022706904,betrivers,h2h,,,2025-08-29 23:56:42.854893+00
1023523372,betrivers,h2h,,,2025-08-29 23:56:42.8573+00
1024036675,betrivers,h2h,,,2025-08-29 23:56:42.860346+00
1024387439,betrivers,h2h,,,2025-08-29 23:56:42.863095+00
1024777705,betrivers,h2h,,,2025-08-29 23:56:43.274122+00
1024110487,betrivers,h2h,,,2025-08-29 23:56:43.277596+00
1024714782,betrivers,h2h,,,2025-08-29 23:56:43.280283+00
1022635843,betrivers,h2h,,,2025-08-29 23:56:43.283025+00
1022706890,betrivers,h2h,,,2025-08-29 23:56:43.288233+00
1024794512,betrivers,h2h,,,2025-08-29 23:56:43.291754+00
1024794857,betrivers,h2h,,,2025-08-29 23:56:43.294614+00
1024794008,betrivers,h2h,,,2025-08-29 23:56:43.29727+00
1024796224,betrivers,h2h,,,2025-08-29 23:56:43.299704+00
1024802819,betrivers,h2h,,,2025-08-29 23:56:43.302258+00
1024790664,betrivers,h2h,,,2025-08-29 23:56:43.305083+00
1024387424,betrivers,h2h,,,2025-08-29 23:56:43.307753+00
1023364183,betrivers,h2h,,,2025-08-29 23:56:43.310388+00
1023418354,betrivers,h2h,,,2025-08-29 23:56:43.313018+00
1024805317,betrivers,h2h,,,2025-08-29 23:56:43.320797+00
1024803221,betrivers,h2h,,,2025-08-29 23:56:43.32513+00
1024806304,betrivers,h2h,,,2025-08-29 23:56:43.327848+00
1024807560,betrivers,h2h,,,2025-08-29 23:56:43.330492+00
1024814618,betrivers,h2h,,,2025-08-29 23:56:43.333079+00
1024803188,betrivers,h2h,,,2025-08-29 23:56:43.335656+00
1022307564,betrivers,h2h,,,2025-08-29 23:56:43.338047+00
1024387796,betrivers,h2h,,,2025-08-29 23:56:43.340495+00
1022037257,betrivers,h2h,,,2025-08-29 23:56:43.343078+00
1022037245,betrivers,h2h,,,2025-08-29 23:56:43.345767+00
1022037256,betrivers,h2h,,,2025-08-29 23:56:43.348548+00
1022037241,betrivers,h2h,,,2025-08-29 23:56:43.350961+00
1022037244,betrivers,h2h,,,2025-08-29 23:56:43.353735+00
1022037238,betrivers,h2h,,,2025-08-29 23:56:43.356262+00
1022037250,betrivers,h2h,,,2025-08-29 23:56:43.360383+00
1024106982,betrivers,h2h,,,2025-08-29 23:56:43.363547+00
1022636365,betrivers,h2h,,,2025-08-29 23:56:43.366105+00
1022706904,betrivers,h2h,,,2025-08-29 23:56:43.368373+00
1023523372,betrivers,h2h,,,2025-08-29 23:56:43.370782+00
1024036675,betrivers,h2h,,,2025-08-29 23:56:43.373054+00
1024387439,betrivers,h2h,,,2025-08-29 23:56:43.375844+00
1024777705,betrivers,h2h,,,2025-08-29 23:56:51.556981+00
1024110487,betrivers,h2h,,,2025-08-29 23:56:51.561691+00
1024714782,betrivers,h2h,,,2025-08-29 23:56:51.564672+00
1022635843,betrivers,h2h,,,2025-08-29 23:56:51.567349+00
1022706890,betrivers,h2h,,,2025-08-29 23:56:51.572708+00
1024794512,betrivers,h2h,,,2025-08-29 23:56:51.575665+00
1024794857,betrivers,h2h,,,2025-08-29 23:56:51.578541+00
1024794008,betrivers,h2h,,,2025-08-29 23:56:51.581295+00
1024796224,betrivers,h2h,,,2025-08-29 23:56:51.584337+00
1024802819,betrivers,h2h,,,2025-08-29 23:56:51.586961+00
1024790664,betrivers,h2h,,,2025-08-29 23:56:51.589656+00
1024387424,betrivers,h2h,,,2025-08-29 23:56:51.592197+00
1023364183,betrivers,h2h,,,2025-08-29 23:56:51.594524+00
1023418354,betrivers,h2h,,,2025-08-29 23:56:51.596825+00
1024805317,betrivers,h2h,,,2025-08-29 23:56:51.604915+00
1024803221,betrivers,h2h,,,2025-08-29 23:56:51.609043+00
1024806304,betrivers,h2h,,,2025-08-29 23:56:51.611371+00
1024807560,betrivers,h2h,,,2025-08-29 23:56:51.613718+00
1024814618,betrivers,h2h,,,2025-08-29 23:56:51.616566+00
1024803188,betrivers,h2h,,,2025-08-29 23:56:51.619311+00
1022307564,betrivers,h2h,,,2025-08-29 23:56:51.622269+00
1024387796,betrivers,h2h,,,2025-08-29 23:56:51.625443+00
1022037257,betrivers,h2h,,,2025-08-29 23:56:51.628219+00
1022037245,betrivers,h2h,,,2025-08-29 23:56:51.631225+00
1022037256,betrivers,h2h,,,2025-08-29 23:56:51.634345+00
1022037241,betrivers,h2h,,,2025-08-29 23:56:51.637315+00
1022037244,betrivers,h2h,,,2025-08-29 23:56:51.640492+00
1022037238,betrivers,h2h,,,2025-08-29 23:56:51.644312+00
1022037250,betrivers,h2h,,,2025-08-29 23:56:51.648905+00
1024106982,betrivers,h2h,,,2025-08-29 23:56:51.651617+00
1022636365,betrivers,h2h,,,2025-08-29 23:56:51.654631+00
1022706904,betrivers,h2h,,,2025-08-29 23:56:51.657454+00
1023523372,betrivers,h2h,,,2025-08-29 23:56:51.660416+00
1024036675,betrivers,h2h,,,2025-08-29 23:56:51.663562+00
1024387439,betrivers,h2h,,,2025-08-29 23:56:51.666148+00
1024777705,betrivers,h2h,,,2025-08-29 23:56:54.39433+00
1024110487,betrivers,h2h,,,2025-08-29 23:56:54.396821+00
1024714782,betrivers,h2h,,,2025-08-29 23:56:54.399261+00
1022635843,betrivers,h2h,,,2025-08-29 23:56:54.402483+00
1022706890,betrivers,h2h,,,2025-08-29 23:56:54.40739+00
1024794512,betrivers,h2h,,,2025-08-29 23:56:54.410521+00
1024794857,betrivers,h2h,,,2025-08-29 23:56:54.41365+00
1024794008,betrivers,h2h,,,2025-08-29 23:56:54.416678+00
1024796224,betrivers,h2h,,,2025-08-29 23:56:54.419435+00
1024802819,betrivers,h2h,,,2025-08-29 23:56:54.422696+00
1024790664,betrivers,h2h,,,2025-08-29 23:56:54.42546+00
1024387424,betrivers,h2h,,,2025-08-29 23:56:54.428204+00
1023364183,betrivers,h2h,,,2025-08-29 23:56:54.430696+00
1023418354,betrivers,h2h,,,2025-08-29 23:56:54.433532+00
1024805317,betrivers,h2h,,,2025-08-29 23:56:54.441269+00
1024803221,betrivers,h2h,,,2025-08-29 23:56:54.446327+00
1024806304,betrivers,h2h,,,2025-08-29 23:56:54.448888+00
1024807560,betrivers,h2h,,,2025-08-29 23:56:54.451466+00
1024814618,betrivers,h2h,,,2025-08-29 23:56:54.454115+00
1024803188,betrivers,h2h,,,2025-08-29 23:56:54.456721+00
1022307564,betrivers,h2h,,,2025-08-29 23:56:54.459178+00
1024387796,betrivers,h2h,,,2025-08-29 23:56:54.461517+00
1022037257,betrivers,h2h,,,2025-08-29 23:56:54.464131+00
1022037245,betrivers,h2h,,,2025-08-29 23:56:54.466825+00
1022037256,betrivers,h2h,,,2025-08-29 23:56:54.469433+00
1022037241,betrivers,h2h,,,2025-08-29 23:56:54.471867+00
1022037244,betrivers,h2h,,,2025-08-29 23:56:54.474618+00
1022037238,betrivers,h2h,,,2025-08-29 23:56:54.477062+00
1022037250,betrivers,h2h,,,2025-08-29 23:56:54.481254+00
1024106982,betrivers,h2h,,,2025-08-29 23:56:54.484075+00
1022636365,betrivers,h2h,,,2025-08-29 23:56:54.486887+00
1022706904,betrivers,h2h,,,2025-08-29 23:56:54.490232+00
1023523372,betrivers,h2h,,,2025-08-29 23:56:54.492782+00
1024036675,betrivers,h2h,,,2025-08-29 23:56:54.495516+00
1024387439,betrivers,h2h,,,2025-08-29 23:56:54.498359+00
1024777705,betrivers,h2h,,,2025-08-29 23:56:59.820248+00
1024110487,betrivers,h2h,,,2025-08-29 23:56:59.825748+00
1024714782,betrivers,h2h,,,2025-08-29 23:56:59.829614+00
1022635843,betrivers,h2h,,,2025-08-29 23:56:59.833357+00
1022706890,betrivers,h2h,,,2025-08-29 23:56:59.839415+00
1024794512,betrivers,h2h,,,2025-08-29 23:56:59.842751+00
1024794857,betrivers,h2h,,,2025-08-29 23:56:59.846044+00
1024794008,betrivers,h2h,,,2025-08-29 23:56:59.849092+00
1024796224,betrivers,h2h,,,2025-08-29 23:56:59.85213+00
1024802819,betrivers,h2h,,,2025-08-29 23:56:59.855027+00
1024790664,betrivers,h2h,,,2025-08-29 23:56:59.857963+00
1024387424,betrivers,h2h,,,2025-08-29 23:56:59.860881+00
1023364183,betrivers,h2h,,,2025-08-29 23:56:59.863907+00
1023418354,betrivers,h2h,,,2025-08-29 23:56:59.867591+00
1024805317,betrivers,h2h,,,2025-08-29 23:56:59.876458+00
1024803221,betrivers,h2h,,,2025-08-29 23:56:59.881658+00
1024806304,betrivers,h2h,,,2025-08-29 23:56:59.884464+00
1024807560,betrivers,h2h,,,2025-08-29 23:56:59.887365+00
1024814618,betrivers,h2h,,,2025-08-29 23:56:59.89013+00
1024803188,betrivers,h2h,,,2025-08-29 23:56:59.892851+00
1022307564,betrivers,h2h,,,2025-08-29 23:56:59.895615+00
1024387796,betrivers,h2h,,,2025-08-29 23:56:59.898517+00
1022037257,betrivers,h2h,,,2025-08-29 23:56:59.901287+00
1022037245,betrivers,h2h,,,2025-08-29 23:56:59.90399+00
1022037256,betrivers,h2h,,,2025-08-29 23:56:59.906585+00
1022037241,betrivers,h2h,,,2025-08-29 23:56:59.909249+00
1022037244,betrivers,h2h,,,2025-08-29 23:56:59.911813+00
1022037238,betrivers,h2h,,,2025-08-29 23:56:59.91452+00
1022037250,betrivers,h2h,,,2025-08-29 23:56:59.918997+00
1024106982,betrivers,h2h,,,2025-08-29 23:56:59.922244+00
1022636365,betrivers,h2h,,,2025-08-29 23:56:59.925015+00
1022706904,betrivers,h2h,,,2025-08-29 23:56:59.92772+00
1023523372,betrivers,h2h,,,2025-08-29 23:56:59.930361+00
1024036675,betrivers,h2h,,,2025-08-29 23:56:59.932996+00
1024387439,betrivers,h2h,,,2025-08-29 23:56:59.935823+00
1024777705,betrivers,h2h,,,2025-08-29 23:57:06.061164+00
1024110487,betrivers,h2h,,,2025-08-29 23:57:06.067863+00
1024714782,betrivers,h2h,,,2025-08-29 23:57:06.072053+00
1022635843,betrivers,h2h,,,2025-08-29 23:57:06.075448+00
1022706890,betrivers,h2h,,,2025-08-29 23:57:06.08163+00
1024794512,betrivers,h2h,,,2025-08-29 23:57:06.095703+00
1024794857,betrivers,h2h,,,2025-08-29 23:57:06.100207+00
1024794008,betrivers,h2h,,,2025-08-29 23:57:06.104088+00
1024796224,betrivers,h2h,,,2025-08-29 23:57:06.108157+00
1024802819,betrivers,h2h,,,2025-08-29 23:57:06.111175+00
1024790664,betrivers,h2h,,,2025-08-29 23:57:06.113787+00
1024387424,betrivers,h2h,,,2025-08-29 23:57:06.116816+00
1023364183,betrivers,h2h,,,2025-08-29 23:57:06.119713+00
1023418354,betrivers,h2h,,,2025-08-29 23:57:06.122159+00
1024805317,betrivers,h2h,,,2025-08-29 23:57:06.130283+00
1024803221,betrivers,h2h,,,2025-08-29 23:57:06.135667+00
1024806304,betrivers,h2h,,,2025-08-29 23:57:06.138446+00
1024807560,betrivers,h2h,,,2025-08-29 23:57:06.140937+00
1024814618,betrivers,h2h,,,2025-08-29 23:57:06.144075+00
1024803188,betrivers,h2h,,,2025-08-29 23:57:06.146966+00
1022307564,betrivers,h2h,,,2025-08-29 23:57:06.149946+00
1024387796,betrivers,h2h,,,2025-08-29 23:57:06.154442+00
1022037257,betrivers,h2h,,,2025-08-29 23:57:06.158737+00
1022037245,betrivers,h2h,,,2025-08-29 23:57:06.165226+00
1022037256,betrivers,h2h,,,2025-08-29 23:57:06.169223+00
1022037241,betrivers,h2h,,,2025-08-29 23:57:06.172003+00
1022037244,betrivers,h2h,,,2025-08-29 23:57:06.174979+00
1022037238,betrivers,h2h,,,2025-08-29 23:57:06.177701+00
1022037250,betrivers,h2h,,,2025-08-29 23:57:06.182356+00
1024106982,betrivers,h2h,,,2025-08-29 23:57:06.185095+00
1022636365,betrivers,h2h,,,2025-08-29 23:57:06.187857+00
1022706904,betrivers,h2h,,,2025-08-29 23:57:06.190561+00
1023523372,betrivers,h2h,,,2025-08-29 23:57:06.193197+00
1024036675,betrivers,h2h,,,2025-08-29 23:57:06.195989+00
1024387439,betrivers,h2h,,,2025-08-29 23:57:06.198662+00
1024777705,betrivers,h2h,,,2025-08-29 23:57:08.099008+00
1024110487,betrivers,h2h,,,2025-08-29 23:57:08.103864+00
1024714782,betrivers,h2h,,,2025-08-29 23:57:08.108105+00
1022635843,betrivers,h2h,,,2025-08-29 23:57:08.111776+00
1022706890,betrivers,h2h,,,2025-08-29 23:57:08.117896+00
1024794512,betrivers,h2h,,,2025-08-29 23:57:08.121186+00
1024794857,betrivers,h2h,,,2025-08-29 23:57:08.12432+00
1024794008,betrivers,h2h,,,2025-08-29 23:57:08.127731+00
1024796224,betrivers,h2h,,,2025-08-29 23:57:08.131218+00
1024802819,betrivers,h2h,,,2025-08-29 23:57:08.134223+00
1024790664,betrivers,h2h,,,2025-08-29 23:57:08.137405+00
1024387424,betrivers,h2h,,,2025-08-29 23:57:08.14034+00
1023364183,betrivers,h2h,,,2025-08-29 23:57:08.14317+00
1023418354,betrivers,h2h,,,2025-08-29 23:57:08.146231+00
1024805317,betrivers,h2h,,,2025-08-29 23:57:08.1544+00
1024803221,betrivers,h2h,,,2025-08-29 23:57:08.159085+00
1024806304,betrivers,h2h,,,2025-08-29 23:57:08.161819+00
1024807560,betrivers,h2h,,,2025-08-29 23:57:08.164462+00
1024814618,betrivers,h2h,,,2025-08-29 23:57:08.16703+00
1024803188,betrivers,h2h,,,2025-08-29 23:57:08.169909+00
1022307564,betrivers,h2h,,,2025-08-29 23:57:08.172756+00
1024387796,betrivers,h2h,,,2025-08-29 23:57:08.176539+00
1022037257,betrivers,h2h,,,2025-08-29 23:57:08.18013+00
1022037245,betrivers,h2h,,,2025-08-29 23:57:08.183404+00
1022037256,betrivers,h2h,,,2025-08-29 23:57:08.186665+00
1022037241,betrivers,h2h,,,2025-08-29 23:57:08.189445+00
1022037244,betrivers,h2h,,,2025-08-29 23:57:08.192269+00
1022037238,betrivers,h2h,,,2025-08-29 23:57:08.195019+00
1022037250,betrivers,h2h,,,2025-08-29 23:57:08.199539+00
1024106982,betrivers,h2h,,,2025-08-29 23:57:08.202376+00
1022636365,betrivers,h2h,,,2025-08-29 23:57:08.204975+00
1022706904,betrivers,h2h,,,2025-08-29 23:57:08.207387+00
1023523372,betrivers,h2h,,,2025-08-29 23:57:08.209765+00
1024036675,betrivers,h2h,,,2025-08-29 23:57:08.212281+00
1024387439,betrivers,h2h,,,2025-08-29 23:57:08.214728+00
1024777705,betrivers,h2h,,,2025-08-29 23:57:16.779275+00
1024110487,betrivers,h2h,,,2025-08-29 23:57:16.783837+00
1024714782,betrivers,h2h,,,2025-08-29 23:57:16.787084+00
1022635843,betrivers,h2h,,,2025-08-29 23:57:16.789834+00
1022706890,betrivers,h2h,,,2025-08-29 23:57:16.794787+00
1024794512,betrivers,h2h,,,2025-08-29 23:57:16.797584+00
1024794857,betrivers,h2h,,,2025-08-29 23:57:16.800683+00
1024794008,betrivers,h2h,,,2025-08-29 23:57:16.803371+00
1024796224,betrivers,h2h,,,2025-08-29 23:57:16.805985+00
1024802819,betrivers,h2h,,,2025-08-29 23:57:16.808495+00
1024790664,betrivers,h2h,,,2025-08-29 23:57:16.811399+00
1024387424,betrivers,h2h,,,2025-08-29 23:57:16.814214+00
1023364183,betrivers,h2h,,,2025-08-29 23:57:16.817419+00
1023418354,betrivers,h2h,,,2025-08-29 23:57:16.820346+00
1024805317,betrivers,h2h,,,2025-08-29 23:57:16.82777+00
1024803221,betrivers,h2h,,,2025-08-29 23:57:16.832426+00
1024806304,betrivers,h2h,,,2025-08-29 23:57:16.834795+00
1024807560,betrivers,h2h,,,2025-08-29 23:57:16.837222+00
1024814618,betrivers,h2h,,,2025-08-29 23:57:16.839552+00
1024803188,betrivers,h2h,,,2025-08-29 23:57:16.841976+00
1022307564,betrivers,h2h,,,2025-08-29 23:57:16.844425+00
1024387796,betrivers,h2h,,,2025-08-29 23:57:16.846887+00
1022037257,betrivers,h2h,,,2025-08-29 23:57:16.849317+00
1022037245,betrivers,h2h,,,2025-08-29 23:57:16.851764+00
1022037256,betrivers,h2h,,,2025-08-29 23:57:16.854418+00
1022037241,betrivers,h2h,,,2025-08-29 23:57:16.857428+00
1022037244,betrivers,h2h,,,2025-08-29 23:57:16.86013+00
1022037238,betrivers,h2h,,,2025-08-29 23:57:16.862698+00
1022037250,betrivers,h2h,,,2025-08-29 23:57:16.866987+00
1024106982,betrivers,h2h,,,2025-08-29 23:57:16.869492+00
1022636365,betrivers,h2h,,,2025-08-29 23:57:16.872142+00
1022706904,betrivers,h2h,,,2025-08-29 23:57:16.874768+00
1023523372,betrivers,h2h,,,2025-08-29 23:57:16.877227+00
1024036675,betrivers,h2h,,,2025-08-29 23:57:16.879677+00
1024387439,betrivers,h2h,,,2025-08-29 23:57:16.882216+00
1024777705,betrivers,h2h,,,2025-08-29 23:57:17.178985+00
1024110487,betrivers,h2h,,,2025-08-29 23:57:17.183026+00
1024714782,betrivers,h2h,,,2025-08-29 23:57:17.185838+00
1022635843,betrivers,h2h,,,2025-08-29 23:57:17.188312+00
1022706890,betrivers,h2h,,,2025-08-29 23:57:17.193276+00
1024794512,betrivers,h2h,,,2025-08-29 23:57:17.195663+00
1024794857,betrivers,h2h,,,2025-08-29 23:57:17.198071+00
1024794008,betrivers,h2h,,,2025-08-29 23:57:17.200657+00
1024796224,betrivers,h2h,,,2025-08-29 23:57:17.203181+00
1024802819,betrivers,h2h,,,2025-08-29 23:57:17.205564+00
1024790664,betrivers,h2h,,,2025-08-29 23:57:17.208191+00
1024387424,betrivers,h2h,,,2025-08-29 23:57:17.210775+00
1023364183,betrivers,h2h,,,2025-08-29 23:57:17.213263+00
1023418354,betrivers,h2h,,,2025-08-29 23:57:17.215914+00
1024805317,betrivers,h2h,,,2025-08-29 23:57:17.222839+00
1024803221,betrivers,h2h,,,2025-08-29 23:57:17.226934+00
1024806304,betrivers,h2h,,,2025-08-29 23:57:17.229322+00
1024807560,betrivers,h2h,,,2025-08-29 23:57:17.231833+00
1024814618,betrivers,h2h,,,2025-08-29 23:57:17.234238+00
1024803188,betrivers,h2h,,,2025-08-29 23:57:17.23673+00
1022307564,betrivers,h2h,,,2025-08-29 23:57:17.239159+00
1024387796,betrivers,h2h,,,2025-08-29 23:57:17.242272+00
1022037257,betrivers,h2h,,,2025-08-29 23:57:17.244643+00
1022037245,betrivers,h2h,,,2025-08-29 23:57:17.24693+00
1022037256,betrivers,h2h,,,2025-08-29 23:57:17.249358+00
1022037241,betrivers,h2h,,,2025-08-29 23:57:17.252046+00
1022037244,betrivers,h2h,,,2025-08-29 23:57:17.254586+00
1022037238,betrivers,h2h,,,2025-08-29 23:57:17.257006+00
1022037250,betrivers,h2h,,,2025-08-29 23:57:17.260696+00
1024106982,betrivers,h2h,,,2025-08-29 23:57:17.263654+00
1022636365,betrivers,h2h,,,2025-08-29 23:57:17.266386+00
1022706904,betrivers,h2h,,,2025-08-29 23:57:17.268988+00
1023523372,betrivers,h2h,,,2025-08-29 23:57:17.271165+00
1024036675,betrivers,h2h,,,2025-08-29 23:57:17.273528+00
1024387439,betrivers,h2h,,,2025-08-29 23:57:17.275884+00
1024777705,betrivers,h2h,,,2025-08-29 23:57:25.055775+00
1024110487,betrivers,h2h,,,2025-08-29 23:57:25.058709+00
1024714782,betrivers,h2h,,,2025-08-29 23:57:25.061837+00
1022635843,betrivers,h2h,,,2025-08-29 23:57:25.064847+00
1022706890,betrivers,h2h,,,2025-08-29 23:57:25.069246+00
1024794512,betrivers,h2h,,,2025-08-29 23:57:25.073578+00
1024794857,betrivers,h2h,,,2025-08-29 23:57:25.076689+00
1024794008,betrivers,h2h,,,2025-08-29 23:57:25.079738+00
1024796224,betrivers,h2h,,,2025-08-29 23:57:25.082984+00
1024802819,betrivers,h2h,,,2025-08-29 23:57:25.085706+00
1024790664,betrivers,h2h,,,2025-08-29 23:57:25.088205+00
1024387424,betrivers,h2h,,,2025-08-29 23:57:25.091114+00
1023364183,betrivers,h2h,,,2025-08-29 23:57:25.093555+00
1023418354,betrivers,h2h,,,2025-08-29 23:57:25.096149+00
1024805317,betrivers,h2h,,,2025-08-29 23:57:25.104298+00
1024803221,betrivers,h2h,,,2025-08-29 23:57:25.108656+00
1024806304,betrivers,h2h,,,2025-08-29 23:57:25.111316+00
1024807560,betrivers,h2h,,,2025-08-29 23:57:25.113824+00
1024814618,betrivers,h2h,,,2025-08-29 23:57:25.116948+00
1024803188,betrivers,h2h,,,2025-08-29 23:57:25.119762+00
1022307564,betrivers,h2h,,,2025-08-29 23:57:25.122427+00
1024387796,betrivers,h2h,,,2025-08-29 23:57:25.12606+00
1022037257,betrivers,h2h,,,2025-08-29 23:57:25.128736+00
1022037245,betrivers,h2h,,,2025-08-29 23:57:25.131309+00
1022037256,betrivers,h2h,,,2025-08-29 23:57:25.133648+00
1022037241,betrivers,h2h,,,2025-08-29 23:57:25.135863+00
1022037244,betrivers,h2h,,,2025-08-29 23:57:25.13849+00
1022037238,betrivers,h2h,,,2025-08-29 23:57:25.141033+00
1022037250,betrivers,h2h,,,2025-08-29 23:57:25.145371+00
1024106982,betrivers,h2h,,,2025-08-29 23:57:25.147859+00
1022636365,betrivers,h2h,,,2025-08-29 23:57:25.150302+00
1022706904,betrivers,h2h,,,2025-08-29 23:57:25.153044+00
1023523372,betrivers,h2h,,,2025-08-29 23:57:25.156101+00
1024036675,betrivers,h2h,,,2025-08-29 23:57:25.15901+00
1024387439,betrivers,h2h,,,2025-08-29 23:57:25.161414+00
1024777705,betrivers,h2h,,,2025-08-29 23:57:28.849473+00
1024110487,betrivers,h2h,,,2025-08-29 23:57:28.852769+00
1024714782,betrivers,h2h,,,2025-08-29 23:57:28.855733+00
1022635843,betrivers,h2h,,,2025-08-29 23:57:28.859071+00
1022706890,betrivers,h2h,,,2025-08-29 23:57:28.863417+00
1024794512,betrivers,h2h,,,2025-08-29 23:57:28.866047+00
1024794857,betrivers,h2h,,,2025-08-29 23:57:28.868833+00
1024794008,betrivers,h2h,,,2025-08-29 23:57:28.872019+00
1024796224,betrivers,h2h,,,2025-08-29 23:57:28.875239+00
1024802819,betrivers,h2h,,,2025-08-29 23:57:28.877911+00
1024790664,betrivers,h2h,,,2025-08-29 23:57:28.880418+00
1024387424,betrivers,h2h,,,2025-08-29 23:57:28.882826+00
1023364183,betrivers,h2h,,,2025-08-29 23:57:28.885709+00
1023418354,betrivers,h2h,,,2025-08-29 23:57:28.888269+00
1024805317,betrivers,h2h,,,2025-08-29 23:57:28.896846+00
1024803221,betrivers,h2h,,,2025-08-29 23:57:28.901706+00
1024806304,betrivers,h2h,,,2025-08-29 23:57:28.904582+00
1024807560,betrivers,h2h,,,2025-08-29 23:57:28.907304+00
1024814618,betrivers,h2h,,,2025-08-29 23:57:28.910011+00
1024803188,betrivers,h2h,,,2025-08-29 23:57:28.9128+00
1022307564,betrivers,h2h,,,2025-08-29 23:57:28.915099+00
1024387796,betrivers,h2h,,,2025-08-29 23:57:28.917641+00
1022037257,betrivers,h2h,,,2025-08-29 23:57:28.920327+00
1022037245,betrivers,h2h,,,2025-08-29 23:57:28.922965+00
1022037256,betrivers,h2h,,,2025-08-29 23:57:28.92565+00
1022037241,betrivers,h2h,,,2025-08-29 23:57:28.92837+00
1022037244,betrivers,h2h,,,2025-08-29 23:57:28.930917+00
1022037238,betrivers,h2h,,,2025-08-29 23:57:28.933541+00
1022037250,betrivers,h2h,,,2025-08-29 23:57:28.937727+00
1024106982,betrivers,h2h,,,2025-08-29 23:57:28.94059+00
1022636365,betrivers,h2h,,,2025-08-29 23:57:28.943236+00
1022706904,betrivers,h2h,,,2025-08-29 23:57:28.945758+00
1023523372,betrivers,h2h,,,2025-08-29 23:57:28.948286+00
1024036675,betrivers,h2h,,,2025-08-29 23:57:28.950782+00
